ape_round,parent_prompt_id,subcategory,prompt_id,prompt_family,prompt_text,target_word,pos,reference_cue,generated_cue,semantic_similarity,brevity_score,target_leak_penalty,proxy_score
1,交通工具_p01,交通工具,交通工具_ape_1_28e0bada,category_resampled,您可以描述一下，當您看到一個固定的路線，有很多人一起搭乘時，您會如何感覺？這會讓您想起什麼特定的情境？,公車,名詞,票價便宜,,0.0,0.0,1.0,0.0
1,交通工具_p01,交通工具,交通工具_ape_1_28e0bada,category_resampled,您可以描述一下，當您看到一個固定的路線，有很多人一起搭乘時，您會如何感覺？這會讓您想起什麼特定的情境？,摩托車,名詞,需要加汽油或電力才能運行,,0.0,0.0,1.0,0.0
1,交通工具_p01,交通工具,交通工具_ape_1_28e0bada,category_resampled,您可以描述一下，當您看到一個固定的路線，有很多人一起搭乘時，您會如何感覺？這會讓您想起什麼特定的情境？,汽車,名詞,需要加油才能行駛,,0.0,0.0,1.0,0.0
1,交通工具_p01,交通工具,交通工具_ape_1_28e0bada,category_resampled,您可以描述一下，當您看到一個固定的路線，有很多人一起搭乘時，您會如何感覺？這會讓您想起什麼特定的情境？,火車,名詞,"需要購票搭乘,有分自由座和對號座",,0.0,0.0,1.0,0.0
1,交通工具_p01,交通工具,交通工具_ape_1_28e0bada,category_resampled,您可以描述一下，當您看到一個固定的路線，有很多人一起搭乘時，您會如何感覺？這會讓您想起什麼特定的情境？,自行車,名詞,運動或代步皆適合,,0.0,0.0,1.0,0.0
1,交通工具_p01,交通工具,交通工具_ape_1_28e0bada,category_resampled,您可以描述一下，當您看到一個固定的路線，有很多人一起搭乘時，您會如何感覺？這會讓您想起什麼特定的情境？,高鐵,名詞,"透過電力驅動,行駛於專用軌道上",當您看到一列高速運行的鐵路列車時，您,0.2956256866455078,1.0,0.0,0.5069379806518555
1,動作_p03,動作,動作_ape_1_b01dd8bd,category_resampled,**描述動作時的典型情境**：,上廁所,動詞,會坐/蹲在馬桶上執行動作,在需要時，定期進行這件事情，有益於保持衛生和,0.34857696294784546,0.9090909090909091,0.0,0.5167311467907645
1,動作_p03,動作,動作_ape_1_b01dd8bd,category_resampled,**描述動作時的典型情境**：,刷牙,動詞,正確的XX方式是由上往下、由內到外,,0.0,0.0,1.0,0.0
1,動作_p03,動作,動作_ape_1_b01dd8bd,category_resampled,**描述動作時的典型情境**：,削水果,動詞,通常使用在蘋果、梨子、棗子等較硬的果皮上,切水果時，手需要輕巧地在刀刃上滑過,0.6282714605331421,1.0,0.0,0.7397900223731995
1,動作_p03,動作,動作_ape_1_b01dd8bd,category_resampled,**描述動作時的典型情境**：,剪指甲,動詞,需要使用專門的小工具,"正確地修剪手指甲, 保持手部乾淨整洁",0.4465908408164978,1.0,0.0,0.6126135885715485
1,動作_p03,動作,動作_ape_1_b01dd8bd,category_resampled,**描述動作時的典型情境**：,吃飯,動詞,一天三餐,每天定时吃饭，保持身体健康,0.7075213193893433,1.0,0.0,0.7952649235725402
1,動作_p03,動作,動作_ape_1_b01dd8bd,category_resampled,**描述動作時的典型情境**：,咳嗽,動詞,會泡陳皮和柿餅茶來緩解症狀,咳嗚時常發生在打噴嚏或吸煙後,0.30209097266197205,1.0,0.0,0.5114636808633803
1,動作_p03,動作,動作_ape_1_b01dd8bd,category_resampled,**描述動作時的典型情境**：,喝水,動詞,有些人會加入檸檬等來增加味道,在忙碌的一天中，記得喝杯水，保持水分充足,0.40806639194488525,1.0,0.0,0.5856464743614196
1,動作_p03,動作,動作_ape_1_b01dd8bd,category_resampled,**描述動作時的典型情境**：,寫字,動詞,學生上課時經常做的事情,拿起筆和紙，開始記錄想法,0.4067443609237671,1.0,0.0,0.5847210526466369
1,動作_p03,動作,動作_ape_1_b01dd8bd,category_resampled,**描述動作時的典型情境**：,打噴嚏,動詞,生病時會更頻繁發生,當你感到鼻腔有異物感時，不妨試著打個,0.3961753249168396,1.0,0.0,0.5773227274417877
1,動作_p03,動作,動作_ape_1_b01dd8bd,category_resampled,**描述動作時的典型情境**：,拍照,動詞,光線、角度和背景會影響結果,拿起手機，按下快門，捕捉美好瞬間,0.18562112748622894,1.0,0.0,0.4299347892403602
1,動作_p03,動作,動作_ape_1_b01dd8bd,category_resampled,**描述動作時的典型情境**：,掃地,動詞,"搭配拖地效果更好,讓地板變得更潔淨",整理家中的雜物，讓地板更乾淨,0.8371045589447021,1.0,0.0,0.8859731912612914
1,動作_p03,動作,動作_ape_1_b01dd8bd,category_resampled,**描述動作時的典型情境**：,摺衣服,動詞,有些人會用專門的板子來幫助摺整齊,整理衣物，準備上床,0.3043838143348694,1.0,0.0,0.5130686700344085
1,動作_p03,動作,動作_ape_1_b01dd8bd,category_resampled,**描述動作時的典型情境**：,擦桌子,動詞,在餐廳、學校、辦公室都很常見,整理桌面，準備用餐時,0.42408186197280884,1.0,0.0,0.5968573033809661
1,動作_p03,動作,動作_ape_1_b01dd8bd,category_resampled,**描述動作時的典型情境**：,擦汗,動詞,用力過大可能會讓皮膚泛紅,擦拭額頭上的汗水,0.5062722563743591,1.0,0.0,0.6543905794620514
1,動作_p03,動作,動作_ape_1_b01dd8bd,category_resampled,**描述動作時的典型情境**：,擦眼鏡,動詞,太用力可能會導致損壞,戴上老花镜，檢查視力，適時調整,0.006695042364299297,1.0,0.0,0.3046865296550095
1,動作_p03,動作,動作_ape_1_b01dd8bd,category_resampled,**描述動作時的典型情境**：,洗澡,動詞,讓身體保持乾淨清新的動作,洗完澡後感到舒適和乾淨,0.6739377379417419,1.0,0.0,0.7717564165592193
1,動作_p03,動作,動作_ape_1_b01dd8bd,category_resampled,**描述動作時的典型情境**：,煮飯,動詞,要使用各種食材、廚具和調味料,,0.0,0.0,1.0,0.0
1,動作_p03,動作,動作_ape_1_b01dd8bd,category_resampled,**描述動作時的典型情境**：,睡覺,動詞,"適當的時間內完成這件事,有助於健康",早上起床前，準備好床鋪和毛巾,0.26213160157203674,1.0,0.0,0.4834921211004257
1,動作_p03,動作,動作_ape_1_b01dd8bd,category_resampled,**描述動作時的典型情境**：,穿衣服,動詞,可以做不同的搭配,整理衣物，準備上床休息,0.19103601574897766,1.0,0.0,0.43372521102428435
1,動作_p03,動作,動作_ape_1_b01dd8bd,category_resampled,**描述動作時的典型情境**：,穿鞋子,動詞,"如果穿錯腳,會覺得不舒服",脫鞋，穿鞋，準備出行,0.5069239735603333,1.0,0.0,0.6548467814922332
1,動作_p03,動作,動作_ape_1_b01dd8bd,category_resampled,**描述動作時的典型情境**：,綁鞋帶,動詞,小朋友通常需要學習怎麼綁,把鞋帶繞在腳踝上，然後拉緊固定,0.3153632879257202,1.0,0.0,0.5207543015480041
1,動作_p03,動作,動作_ape_1_b01dd8bd,category_resampled,**描述動作時的典型情境**：,綁頭髮,動詞,需要使用特定的工具來固定,整理好帽子，準備外出,0.239935964345932,1.0,0.0,0.4679551750421524
1,動作_p03,動作,動作_ape_1_b01dd8bd,category_resampled,**描述動作時的典型情境**：,聊天,動詞,在家裡、工作場合、咖啡廳等都很常見,和朋友分享你的近况，聊聊最近發生的事,0.12113665044307709,1.0,0.0,0.3847956553101539
1,動作_p03,動作,動作_ape_1_b01dd8bd,category_resampled,**描述動作時的典型情境**：,量體溫,動詞,需要使用特定的測量工具,,0.0,0.0,1.0,0.0
1,動作_p03,動作,動作_ape_1_b01dd8bd,category_resampled,**描述動作時的典型情境**：,開門,動詞,"轉動把手,讓進出口變暢通的動作",,0.0,0.0,1.0,0.0
1,動作_p03,動作,動作_ape_1_4fbdc65c,category_resampled,**目標詞彙**：吃早餐,上廁所,動詞,會坐/蹲在馬桶上執行動作,,0.0,0.0,1.0,0.0
1,動作_p03,動作,動作_ape_1_4fbdc65c,category_resampled,**目標詞彙**：吃早餐,刷牙,動詞,正確的XX方式是由上往下、由內到外,,0.0,0.0,1.0,0.0
1,動作_p03,動作,動作_ape_1_4fbdc65c,category_resampled,**目標詞彙**：吃早餐,削水果,動詞,通常使用在蘋果、梨子、棗子等較硬的果皮上,準備一顆水果，切開後享用,0.7033439874649048,1.0,0.0,0.7923407912254333
1,動作_p03,動作,動作_ape_1_4fbdc65c,category_resampled,**目標詞彙**：吃早餐,剪指甲,動詞,需要使用專門的小工具,,0.0,0.0,1.0,0.0
1,動作_p03,動作,動作_ape_1_4fbdc65c,category_resampled,**目標詞彙**：吃早餐,吃飯,動詞,一天三餐,,0.0,0.0,1.0,0.0
1,動作_p03,動作,動作_ape_1_4fbdc65c,category_resampled,**目標詞彙**：吃早餐,咳嗽,動詞,會泡陳皮和柿餅茶來緩解症狀,咳一口氣，讓肺部清潔一下,0.34028175473213196,1.0,0.0,0.5381972283124923
1,動作_p03,動作,動作_ape_1_4fbdc65c,category_resampled,**目標詞彙**：吃早餐,喝水,動詞,有些人會加入檸檬等來增加味道,每天起床後的第一步動作，就是喝一杯水,0.3393181264400482,1.0,0.0,0.5375226885080338
1,動作_p03,動作,動作_ape_1_4fbdc65c,category_resampled,**目標詞彙**：吃早餐,寫字,動詞,學生上課時經常做的事情,準備紙筆，開始寫作,0.36973488330841064,1.0,0.0,0.5588144183158874
1,動作_p03,動作,動作_ape_1_4fbdc65c,category_resampled,**目標詞彙**：吃早餐,打噴嚏,動詞,生病時會更頻繁發生,,0.0,0.0,1.0,0.0
1,動作_p03,動作,動作_ape_1_4fbdc65c,category_resampled,**目標詞彙**：吃早餐,拍照,動詞,光線、角度和背景會影響結果,準備拍攝時，記得檢查鏡頭和電池,0.2895832061767578,1.0,0.0,0.5027082443237305
1,動作_p03,動作,動作_ape_1_4fbdc65c,category_resampled,**目標詞彙**：吃早餐,掃地,動詞,"搭配拖地效果更好,讓地板變得更潔淨",幫我整理一下家裡的東西，讓地板更乾淨,0.7423048615455627,1.0,0.0,0.8196134030818938
1,動作_p03,動作,動作_ape_1_4fbdc65c,category_resampled,**目標詞彙**：吃早餐,摺衣服,動詞,有些人會用專門的板子來幫助摺整齊,整理衣物，準備一天開始,0.3499916195869446,1.0,0.0,0.5449941337108611
1,動作_p03,動作,動作_ape_1_4fbdc65c,category_resampled,**目標詞彙**：吃早餐,擦桌子,動詞,在餐廳、學校、辦公室都很常見,幫忙擦拭桌面，讓家更乾淨,0.2734951972961426,1.0,0.0,0.49144663810729977
1,動作_p03,動作,動作_ape_1_4fbdc65c,category_resampled,**目標詞彙**：吃早餐,擦汗,動詞,用力過大可能會讓皮膚泛紅,當感到汗水濕透衣襟時，不妨輕輕擦拭一下,0.49395790696144104,1.0,0.0,0.6457705348730087
1,動作_p03,動作,動作_ape_1_4fbdc65c,category_resampled,**目標詞彙**：吃早餐,擦眼鏡,動詞,太用力可能會導致損壞,戴上眼鏡後，記得定期擦拭,0.09240269660949707,1.0,0.0,0.36468188762664794
1,動作_p03,動作,動作_ape_1_4fbdc65c,category_resampled,**目標詞彙**：吃早餐,洗澡,動詞,讓身體保持乾淨清新的動作,每天晚上，記得洗個澡，保持乾淨,0.6492443680763245,1.0,0.0,0.754471057653427
1,動作_p03,動作,動作_ape_1_4fbdc65c,category_resampled,**目標詞彙**：吃早餐,煮飯,動詞,要使用各種食材、廚具和調味料,準備早餐時，記得先洗米哦,0.43606266379356384,1.0,0.0,0.6052438646554947
1,動作_p03,動作,動作_ape_1_4fbdc65c,category_resampled,**目標詞彙**：吃早餐,睡覺,動詞,"適當的時間內完成這件事,有助於健康",盡快入睡，讓身心放鬆,0.4297451376914978,1.0,0.0,0.6008215963840484
1,動作_p03,動作,動作_ape_1_4fbdc65c,category_resampled,**目標詞彙**：吃早餐,穿衣服,動詞,可以做不同的搭配,整理衣物，準備開始新的一天,0.1702885925769806,1.0,0.0,0.4192020148038864
1,動作_p03,動作,動作_ape_1_4fbdc65c,category_resampled,**目標詞彙**：吃早餐,穿鞋子,動詞,"如果穿錯腳,會覺得不舒服",穿上鞋，開始新的一天,0.39318498969078064,1.0,0.0,0.5752294927835464
1,動作_p03,動作,動作_ape_1_4fbdc65c,category_resampled,**目標詞彙**：吃早餐,綁鞋帶,動詞,小朋友通常需要學習怎麼綁,把鞋帶鬆開，然後重新打結,0.3098866045475006,1.0,0.0,0.5169206231832504
1,動作_p03,動作,動作_ape_1_4fbdc65c,category_resampled,**目標詞彙**：吃早餐,綁頭髮,動詞,需要使用特定的工具來固定,把頭髮束起來，整理儀容,0.3469061255455017,1.0,0.0,0.5428342878818512
1,動作_p03,動作,動作_ape_1_4fbdc65c,category_resampled,**目標詞彙**：吃早餐,聊天,動詞,在家裡、工作場合、咖啡廳等都很常見,,0.0,0.0,1.0,0.0
1,動作_p03,動作,動作_ape_1_4fbdc65c,category_resampled,**目標詞彙**：吃早餐,量體溫,動詞,需要使用特定的測量工具,測量身體溫度，了解是否需要休息或服藥,0.5023475289344788,1.0,0.0,0.651643270254135
1,動作_p03,動作,動作_ape_1_4fbdc65c,category_resampled,**目標詞彙**：吃早餐,開門,動詞,"轉動把手,讓進出口變暢通的動作",,0.0,0.0,1.0,0.0
1,動作_p03,動作,動作_ape_1_b57f0c6d,category_resampled,**提示句**：起床後，早晨的第一步，先洗漱，再吃早餐。,上廁所,動詞,會坐/蹲在馬桶上執行動作,準備好，前往衛生間，進行如廁,0.62705397605896,1.0,0.0,0.7389377832412719
1,動作_p03,動作,動作_ape_1_b57f0c6d,category_resampled,**提示句**：起床後，早晨的第一步，先洗漱，再吃早餐。,刷牙,動詞,正確的XX方式是由上往下、由內到外,,0.0,0.0,1.0,0.0
1,動作_p03,動作,動作_ape_1_b57f0c6d,category_resampled,**提示句**：起床後，早晨的第一步，先洗漱，再吃早餐。,削水果,動詞,通常使用在蘋果、梨子、棗子等較硬的果皮上,開始時，將水果切成小塊，準備食用,0.6590110063552856,1.0,0.0,0.7613077044486999
1,動作_p03,動作,動作_ape_1_b57f0c6d,category_resampled,**提示句**：起床後，早晨的第一步，先洗漱，再吃早餐。,剪指甲,動詞,需要使用專門的小工具,每天晚上，檢查指甲是否需要修剪,0.3794012665748596,1.0,0.0,0.5655808866024017
1,動作_p03,動作,動作_ape_1_b57f0c6d,category_resampled,**提示句**：起床後，早晨的第一步，先洗漱，再吃早餐。,吃飯,動詞,一天三餐,早上起來，先準備早餐,0.45314857363700867,1.0,0.0,0.617204001545906
1,動作_p03,動作,動作_ape_1_b57f0c6d,category_resampled,**提示句**：起床後，早晨的第一步，先洗漱，再吃早餐。,咳嗽,動詞,會泡陳皮和柿餅茶來緩解症狀,咳完痰後，將痰吐到紙上,0.35826051235198975,1.0,0.0,0.5507823586463928
1,動作_p03,動作,動作_ape_1_b57f0c6d,category_resampled,**提示句**：起床後，早晨的第一步，先洗漱，再吃早餐。,喝水,動詞,有些人會加入檸檬等來增加味道,早上起來，第一件事情就是喝杯水,0.3169708251953125,1.0,0.0,0.5218795776367187
1,動作_p03,動作,動作_ape_1_b57f0c6d,category_resampled,**提示句**：起床後，早晨的第一步，先洗漱，再吃早餐。,寫字,動詞,學生上課時經常做的事情,開始寫作時，先準備紙和筆,0.39116060733795166,1.0,0.0,0.5738124251365662
1,動作_p03,動作,動作_ape_1_b57f0c6d,category_resampled,**提示句**：起床後，早晨的第一步，先洗漱，再吃早餐。,打噴嚏,動詞,生病時會更頻繁發生,當你感到喉部有異常感或想吐痰時，不妨,0.5455014705657959,1.0,0.0,0.6818510293960571
1,動作_p03,動作,動作_ape_1_b57f0c6d,category_resampled,**提示句**：起床後，早晨的第一步，先洗漱，再吃早餐。,拍照,動詞,光線、角度和背景會影響結果,準備拍攝時，先檢查鏡頭和電池,0.28154557943344116,1.0,0.0,0.4970819056034088
1,動作_p03,動作,動作_ape_1_b57f0c6d,category_resampled,**提示句**：起床後，早晨的第一步，先洗漱，再吃早餐。,掃地,動詞,"搭配拖地效果更好,讓地板變得更潔淨",開始工作前，先清理家務,0.5439858436584473,1.0,0.0,0.680790090560913
1,動作_p03,動作,動作_ape_1_b57f0c6d,category_resampled,**提示句**：起床後，早晨的第一步，先洗漱，再吃早餐。,摺衣服,動詞,有些人會用專門的板子來幫助摺整齊,整理衣物，準備上學或上班,0.37709492444992065,1.0,0.0,0.5639664471149444
1,動作_p03,動作,動作_ape_1_b57f0c6d,category_resampled,**提示句**：起床後，早晨的第一步，先洗漱，再吃早餐。,擦桌子,動詞,在餐廳、學校、辦公室都很常見,開始工作前，先整理桌面，確保清潔,0.31866133213043213,1.0,0.0,0.5230629324913024
1,動作_p03,動作,動作_ape_1_b57f0c6d,category_resampled,**提示句**：起床後，早晨的第一步，先洗漱，再吃早餐。,擦汗,動詞,用力過大可能會讓皮膚泛紅,開始工作前，先整理儀容，確保乾淨,0.1769740879535675,1.0,0.0,0.42388186156749724
1,動作_p03,動作,動作_ape_1_b57f0c6d,category_resampled,**提示句**：起床後，早晨的第一步，先洗漱，再吃早餐。,擦眼鏡,動詞,太用力可能會導致損壞,戴上眼鏡，開始閱讀新聞,0.017384551465511322,1.0,0.0,0.3121691860258579
1,動作_p03,動作,動作_ape_1_b57f0c6d,category_resampled,**提示句**：起床後，早晨的第一步，先洗漱，再吃早餐。,洗澡,動詞,讓身體保持乾淨清新的動作,早上第一件事，先洗個澡,0.48738908767700195,1.0,0.0,0.6411723613739013
1,動作_p03,動作,動作_ape_1_b57f0c6d,category_resampled,**提示句**：起床後，早晨的第一步，先洗漱，再吃早餐。,煮飯,動詞,要使用各種食材、廚具和調味料,準備早餐前，先檢查炊具和食材,0.6569220423698425,1.0,0.0,0.7598454296588897
1,動作_p03,動作,動作_ape_1_b57f0c6d,category_resampled,**提示句**：起床後，早晨的第一步，先洗漱，再吃早餐。,睡覺,動詞,"適當的時間內完成這件事,有助於健康",早上第一件事，先洗漱再吃早餐,0.2932128310203552,1.0,0.0,0.5052489817142487
1,動作_p03,動作,動作_ape_1_b57f0c6d,category_resampled,**提示句**：起床後，早晨的第一步，先洗漱，再吃早餐。,穿衣服,動詞,可以做不同的搭配,起床後，穿上適合的衣物,0.2522040605545044,1.0,0.0,0.47654284238815303
1,動作_p03,動作,動作_ape_1_b57f0c6d,category_resampled,**提示句**：起床後，早晨的第一步，先洗漱，再吃早餐。,穿鞋子,動詞,"如果穿錯腳,會覺得不舒服",穿上鞋跟，開始新的一天,0.3976592421531677,1.0,0.0,0.5783614695072175
1,動作_p03,動作,動作_ape_1_b57f0c6d,category_resampled,**提示句**：起床後，早晨的第一步，先洗漱，再吃早餐。,綁鞋帶,動詞,小朋友通常需要學習怎麼綁,整理好鞋子，開始新的一天,0.2091599404811859,1.0,0.0,0.4464119583368301
1,動作_p03,動作,動作_ape_1_b57f0c6d,category_resampled,**提示句**：起床後，早晨的第一步，先洗漱，再吃早餐。,綁頭髮,動詞,需要使用特定的工具來固定,整理好頭髮，準備上班,0.27120441198349,1.0,0.0,0.489843088388443
1,動作_p03,動作,動作_ape_1_b57f0c6d,category_resampled,**提示句**：起床後，早晨的第一步，先洗漱，再吃早餐。,聊天,動詞,在家裡、工作場合、咖啡廳等都很常見,開始新的一天，與家人朋友分享你的日子,0.19677549600601196,1.0,0.0,0.43774284720420836
1,動作_p03,動作,動作_ape_1_b57f0c6d,category_resampled,**提示句**：起床後，早晨的第一步，先洗漱，再吃早餐。,量體溫,動詞,需要使用特定的測量工具,,0.0,0.0,1.0,0.0
1,動作_p03,動作,動作_ape_1_b57f0c6d,category_resampled,**提示句**：起床後，早晨的第一步，先洗漱，再吃早餐。,開門,動詞,"轉動把手,讓進出口變暢通的動作",,0.0,0.0,1.0,0.0
1,動作_p03,動作,動作_ape_1_fd3949e3,category_resampled,**描述動作的目的和工具**：,上廁所,動詞,會坐/蹲在馬桶上執行動作,在需要時，定期進行這個動作以保持衛生,0.42164504528045654,1.0,0.0,0.5951515316963196
1,動作_p03,動作,動作_ape_1_fd3949e3,category_resampled,**描述動作的目的和工具**：,刷牙,動詞,正確的XX方式是由上往下、由內到外,每天起床後，記得檢查並清潔你的牙齒,0.21136964857578278,1.0,0.0,0.4479587540030479
1,動作_p03,動作,動作_ape_1_fd3949e3,category_resampled,**描述動作的目的和工具**：,削水果,動詞,通常使用在蘋果、梨子、棗子等較硬的果皮上,切開水果，準備飲食,0.6484471559524536,1.0,0.0,0.7539130091667174
1,動作_p03,動作,動作_ape_1_fd3949e3,category_resampled,**描述動作的目的和工具**：,剪指甲,動詞,需要使用專門的小工具,,0.0,0.0,1.0,0.0
1,動作_p03,動作,動作_ape_1_fd3949e3,category_resampled,**描述動作的目的和工具**：,吃飯,動詞,一天三餐,一日三餐,0.9919353127479553,1.0,0.0,0.9943547189235686
1,動作_p03,動作,動作_ape_1_fd3949e3,category_resampled,**描述動作的目的和工具**：,咳嗽,動詞,會泡陳皮和柿餅茶來緩解症狀,,0.0,0.0,1.0,0.0
1,動作_p03,動作,動作_ape_1_fd3949e3,category_resampled,**描述動作的目的和工具**：,喝水,動詞,有些人會加入檸檬等來增加味道,隨時提醒自己多喝些水，保持 hydrated,0.4619359076023102,0.9090909090909091,0.0,0.5960824080488898
1,動作_p03,動作,動作_ape_1_fd3949e3,category_resampled,**描述動作的目的和工具**：,寫字,動詞,學生上課時經常做的事情,記住常用筆順，練習書寫,0.5250670909881592,1.0,0.0,0.6675469636917114
1,動作_p03,動作,動作_ape_1_fd3949e3,category_resampled,**描述動作的目的和工具**：,打噴嚏,動詞,生病時會更頻繁發生,,0.0,0.0,1.0,0.0
1,動作_p03,動作,動作_ape_1_fd3949e3,category_resampled,**描述動作的目的和工具**：,拍照,動詞,光線、角度和背景會影響結果,拍下美好瞬間，留下回憶,0.3002167344093323,1.0,0.0,0.5101517140865326
1,動作_p03,動作,動作_ape_1_fd3949e3,category_resampled,**描述動作的目的和工具**：,掃地,動詞,"搭配拖地效果更好,讓地板變得更潔淨",整理室內雜物，保持清潔有序,0.7091705799102783,1.0,0.0,0.7964194059371947
1,動作_p03,動作,動作_ape_1_fd3949e3,category_resampled,**描述動作的目的和工具**：,摺衣服,動詞,有些人會用專門的板子來幫助摺整齊,整理衣物，準備就緒,0.3474441170692444,1.0,0.0,0.543210881948471
1,動作_p03,動作,動作_ape_1_fd3949e3,category_resampled,**描述動作的目的和工具**：,擦桌子,動詞,在餐廳、學校、辦公室都很常見,整理桌面，準備用餐,0.39526090025901794,1.0,0.0,0.5766826301813126
1,動作_p03,動作,動作_ape_1_fd3949e3,category_resampled,**描述動作的目的和工具**：,擦汗,動詞,用力過大可能會讓皮膚泛紅,擦拭額頭上的汗水,0.5062722563743591,1.0,0.0,0.6543905794620514
1,動作_p03,動作,動作_ape_1_fd3949e3,category_resampled,**描述動作的目的和工具**：,擦眼鏡,動詞,太用力可能會導致損壞,戴上手套，輕輕擦拭眼睛鏡片,0.10031746327877045,1.0,0.0,0.3702222242951393
1,動作_p03,動作,動作_ape_1_fd3949e3,category_resampled,**描述動作的目的和工具**：,洗澡,動詞,讓身體保持乾淨清新的動作,洗完澡後，心情更舒暢了,0.5770856738090515,1.0,0.0,0.7039599716663361
1,動作_p03,動作,動作_ape_1_fd3949e3,category_resampled,**描述動作的目的和工具**：,煮飯,動詞,要使用各種食材、廚具和調味料,準備食材，開始烹飪美味佳餚,0.7379542589187622,1.0,0.0,0.8165679812431335
1,動作_p03,動作,動作_ape_1_fd3949e3,category_resampled,**描述動作的目的和工具**：,睡覺,動詞,"適當的時間內完成這件事,有助於健康",睡前準備好，有助於休息,0.4192579388618469,1.0,0.0,0.5934805572032928
1,動作_p03,動作,動作_ape_1_fd3949e3,category_resampled,**描述動作的目的和工具**：,穿衣服,動詞,可以做不同的搭配,整理衣物，準備上床休息,0.19103601574897766,1.0,0.0,0.43372521102428435
1,動作_p03,動作,動作_ape_1_fd3949e3,category_resampled,**描述動作的目的和工具**：,穿鞋子,動詞,"如果穿錯腳,會覺得不舒服",整理鞋帶，讓腳部更穩固,0.5524778962135315,1.0,0.0,0.686734527349472
1,動作_p03,動作,動作_ape_1_fd3949e3,category_resampled,**描述動作的目的和工具**：,綁鞋帶,動詞,小朋友通常需要學習怎麼綁,小心系緊鞋帶，確保穩固無誤,0.3540504574775696,1.0,0.0,0.5478353202342987
1,動作_p03,動作,動作_ape_1_fd3949e3,category_resampled,**描述動作的目的和工具**：,綁頭髮,動詞,需要使用特定的工具來固定,整理好帽子，準備開始新的一天,0.20178261399269104,1.0,0.0,0.4412478297948837
1,動作_p03,動作,動作_ape_1_fd3949e3,category_resampled,**描述動作的目的和工具**：,聊天,動詞,在家裡、工作場合、咖啡廳等都很常見,與朋友分享你的想法和感受，增進溝通交流,0.1521536111831665,1.0,0.0,0.40650752782821653
1,動作_p03,動作,動作_ape_1_fd3949e3,category_resampled,**描述動作的目的和工具**：,量體溫,動詞,需要使用特定的測量工具,正確的步驟是：將手放在耳後，輕輕按,0.23712193965911865,1.0,0.0,0.46598535776138306
1,動作_p03,動作,動作_ape_1_fd3949e3,category_resampled,**描述動作的目的和工具**：,開門,動詞,"轉動把手,讓進出口變暢通的動作",小心手勢，順利開啟門鎖,0.6975032091140747,1.0,0.0,0.7882522463798523
1,動作_p03,動作,動作_ape_1_185f0623,category_resampled,**目標詞彙**：刷牙,上廁所,動詞,會坐/蹲在馬桶上執行動作,記得定期去那裡，保持衛生,0.393707811832428,1.0,0.0,0.5755954682826996
1,動作_p03,動作,動作_ape_1_185f0623,category_resampled,**目標詞彙**：刷牙,刷牙,動詞,正確的XX方式是由上往下、由內到外,,0.0,0.0,1.0,0.0
1,動作_p03,動作,動作_ape_1_185f0623,category_resampled,**目標詞彙**：刷牙,削水果,動詞,通常使用在蘋果、梨子、棗子等較硬的果皮上,切水果，保持口腔衛生,0.6160780191421509,1.0,0.0,0.7312546133995056
1,動作_p03,動作,動作_ape_1_185f0623,category_resampled,**目標詞彙**：刷牙,剪指甲,動詞,需要使用專門的小工具,,0.0,0.0,1.0,0.0
1,動作_p03,動作,動作_ape_1_185f0623,category_resampled,**目標詞彙**：刷牙,吃飯,動詞,一天三餐,每天三餐，保持營養均衡,0.8743643760681152,1.0,0.0,0.9120550632476807
1,動作_p03,動作,動作_ape_1_185f0623,category_resampled,**目標詞彙**：刷牙,咳嗽,動詞,會泡陳皮和柿餅茶來緩解症狀,咳幾下，清清嗓子,0.3901362717151642,1.0,0.0,0.5730953902006148
1,動作_p03,動作,動作_ape_1_185f0623,category_resampled,**目標詞彙**：刷牙,喝水,動詞,有些人會加入檸檬等來增加味道,隨時喝杯水，保持水分充足,0.424099862575531,1.0,0.0,0.5968699038028717
1,動作_p03,動作,動作_ape_1_185f0623,category_resampled,**目標詞彙**：刷牙,寫字,動詞,學生上課時經常做的事情,,0.0,0.0,1.0,0.0
1,動作_p03,動作,動作_ape_1_185f0623,category_resampled,**目標詞彙**：刷牙,打噴嚏,動詞,生病時會更頻繁發生,當感到鼻腔有異物感時，不妨輕輕地打個,0.38914376497268677,1.0,0.0,0.5724006354808807
1,動作_p03,動作,動作_ape_1_185f0623,category_resampled,**目標詞彙**：刷牙,拍照,動詞,光線、角度和背景會影響結果,準備拍攝時，記得檢查鏡頭和電池,0.2895832061767578,1.0,0.0,0.5027082443237305
1,動作_p03,動作,動作_ape_1_185f0623,category_resampled,**目標詞彙**：刷牙,掃地,動詞,"搭配拖地效果更好,讓地板變得更潔淨",整理家中的雜物，讓空間更乾淨,0.7589802742004395,1.0,0.0,0.8312861919403076
1,動作_p03,動作,動作_ape_1_185f0623,category_resampled,**目標詞彙**：刷牙,摺衣服,動詞,有些人會用專門的板子來幫助摺整齊,整理衣物，保持整洁有序,0.39626288414001465,1.0,0.0,0.5773840188980102
1,動作_p03,動作,動作_ape_1_185f0623,category_resampled,**目標詞彙**：刷牙,擦桌子,動詞,在餐廳、學校、辦公室都很常見,整理桌面，讓它看起來更乾淨,0.2753385305404663,1.0,0.0,0.4927369713783264
1,動作_p03,動作,動作_ape_1_185f0623,category_resampled,**目標詞彙**：刷牙,擦汗,動詞,用力過大可能會讓皮膚泛紅,在感到汗水濕透時，習慣性地擦拭臉頰,0.5165817737579346,1.0,0.0,0.6616072416305542
1,動作_p03,動作,動作_ape_1_185f0623,category_resampled,**目標詞彙**：刷牙,擦眼鏡,動詞,太用力可能會導致損壞,正確地使用鏡子，保持眼睛清晰,0.01448825653642416,1.0,0.0,0.3101417795754969
1,動作_p03,動作,動作_ape_1_185f0623,category_resampled,**目標詞彙**：刷牙,洗澡,動詞,讓身體保持乾淨清新的動作,在淋浴後，記得擦乾身體和手部,0.6772544980049133,1.0,0.0,0.7740781486034393
1,動作_p03,動作,動作_ape_1_185f0623,category_resampled,**目標詞彙**：刷牙,煮飯,動詞,要使用各種食材、廚具和調味料,準備一個清潔的鍋子和米，將水燒開後加入,0.5193796753883362,1.0,0.0,0.6635657727718354
1,動作_p03,動作,動作_ape_1_185f0623,category_resampled,**目標詞彙**：刷牙,睡覺,動詞,"適當的時間內完成這件事,有助於健康",盡快入睡，讓身心得到充分休息,0.4764985740184784,1.0,0.0,0.6335490018129348
1,動作_p03,動作,動作_ape_1_185f0623,category_resampled,**目標詞彙**：刷牙,穿衣服,動詞,可以做不同的搭配,整理衣物，開始新的一天,0.2025984525680542,1.0,0.0,0.4418189167976379
1,動作_p03,動作,動作_ape_1_185f0623,category_resampled,**目標詞彙**：刷牙,穿鞋子,動詞,"如果穿錯腳,會覺得不舒服",整理腳步，開始新的一天,0.19770343601703644,1.0,0.0,0.43839240521192546
1,動作_p03,動作,動作_ape_1_185f0623,category_resampled,**目標詞彙**：刷牙,綁鞋帶,動詞,小朋友通常需要學習怎麼綁,小心拉緊鞋帶，確保穩固好,0.36026760935783386,1.0,0.0,0.5521873265504837
1,動作_p03,動作,動作_ape_1_185f0623,category_resampled,**目標詞彙**：刷牙,綁頭髮,動詞,需要使用特定的工具來固定,整理好帽子，開始今天的工作,0.326090931892395,1.0,0.0,0.5282636523246764
1,動作_p03,動作,動作_ape_1_185f0623,category_resampled,**目標詞彙**：刷牙,聊天,動詞,在家裡、工作場合、咖啡廳等都很常見,,0.0,0.0,1.0,0.0
1,動作_p03,動作,動作_ape_1_185f0623,category_resampled,**目標詞彙**：刷牙,量體溫,動詞,需要使用特定的測量工具,,0.0,0.0,1.0,0.0
1,動作_p03,動作,動作_ape_1_185f0623,category_resampled,**目標詞彙**：刷牙,開門,動詞,"轉動把手,讓進出口變暢通的動作",,0.0,0.0,1.0,0.0
1,動作_p03,動作,動作_ape_1_0dad864b,category_resampled,**提示句**：早上起床後，開始新的一天，先刷牙，保持口腔清洁。,上廁所,動詞,會坐/蹲在馬桶上執行動作,,0.0,0.0,1.0,0.0
1,動作_p03,動作,動作_ape_1_0dad864b,category_resampled,**提示句**：早上起床後，開始新的一天，先刷牙，保持口腔清洁。,刷牙,動詞,正確的XX方式是由上往下、由內到外,,0.0,0.0,1.0,0.0
1,動作_p03,動作,動作_ape_1_0dad864b,category_resampled,**提示句**：早上起床後，開始新的一天，先刷牙，保持口腔清洁。,削水果,動詞,通常使用在蘋果、梨子、棗子等較硬的果皮上,準備水果前，先削好切片,0.635537326335907,1.0,0.0,0.7448761284351348
1,動作_p03,動作,動作_ape_1_0dad864b,category_resampled,**提示句**：早上起床後，開始新的一天，先刷牙，保持口腔清洁。,剪指甲,動詞,需要使用專門的小工具,每天晚上睡前，檢查一下指甲是否需要修剪,0.36509421467781067,1.0,0.0,0.5555659502744674
1,動作_p03,動作,動作_ape_1_0dad864b,category_resampled,**提示句**：早上起床後，開始新的一天，先刷牙，保持口腔清洁。,吃飯,動詞,一天三餐,每天固定一餐，營養均衡最重要,0.6722439527511597,1.0,0.0,0.7705707669258117
1,動作_p03,動作,動作_ape_1_0dad864b,category_resampled,**提示句**：早上起床後，開始新的一天，先刷牙，保持口腔清洁。,咳嗽,動詞,會泡陳皮和柿餅茶來緩解症狀,咳嗚聲，提醒自己該喝水了,0.35521864891052246,1.0,0.0,0.5486530542373657
1,動作_p03,動作,動作_ape_1_0dad864b,category_resampled,**提示句**：早上起床後，開始新的一天，先刷牙，保持口腔清洁。,喝水,動詞,有些人會加入檸檬等來增加味道,早晨起來，記得喝杯水潤潤喉,0.4108664095401764,1.0,0.0,0.5876064866781234
1,動作_p03,動作,動作_ape_1_0dad864b,category_resampled,**提示句**：早上起床後，開始新的一天，先刷牙，保持口腔清洁。,寫字,動詞,學生上課時經常做的事情,開始每天的筆記工作，準備你的筆和紙,0.4731754958629608,1.0,0.0,0.6312228471040726
1,動作_p03,動作,動作_ape_1_0dad864b,category_resampled,**提示句**：早上起床後，開始新的一天，先刷牙，保持口腔清洁。,打噴嚏,動詞,生病時會更頻繁發生,早晨起來，打個噴嚏，清潔鼻腔,0.42978477478027344,1.0,0.0,0.6008493423461914
1,動作_p03,動作,動作_ape_1_0dad864b,category_resampled,**提示句**：早上起床後，開始新的一天，先刷牙，保持口腔清洁。,拍照,動詞,光線、角度和背景會影響結果,準備拍攝時，先整理好相機和鏡頭,0.30265432596206665,1.0,0.0,0.5118580281734466
1,動作_p03,動作,動作_ape_1_0dad864b,category_resampled,**提示句**：早上起床後，開始新的一天，先刷牙，保持口腔清洁。,掃地,動詞,"搭配拖地效果更好,讓地板變得更潔淨",開始清潔家務，從地面做起,0.7202650308609009,1.0,0.0,0.8041855216026306
1,動作_p03,動作,動作_ape_1_0dad864b,category_resampled,**提示句**：早上起床後，開始新的一天，先刷牙，保持口腔清洁。,摺衣服,動詞,有些人會用專門的板子來幫助摺整齊,整理衣物，準備上學或上班,0.37709492444992065,1.0,0.0,0.5639664471149444
1,動作_p03,動作,動作_ape_1_0dad864b,category_resampled,**提示句**：早上起床後，開始新的一天，先刷牙，保持口腔清洁。,擦桌子,動詞,在餐廳、學校、辦公室都很常見,開始整理餐桌，讓環境更乾淨整潔,0.3926885724067688,1.0,0.0,0.5748820006847382
1,動作_p03,動作,動作_ape_1_0dad864b,category_resampled,**提示句**：早上起床後，開始新的一天，先刷牙，保持口腔清洁。,擦汗,動詞,用力過大可能會讓皮膚泛紅,每天工作前，記得先擦拭汗水,0.27992647886276245,1.0,0.0,0.49594853520393367
1,動作_p03,動作,動作_ape_1_0dad864b,category_resampled,**提示句**：早上起床後，開始新的一天，先刷牙，保持口腔清洁。,擦眼鏡,動詞,太用力可能會導致損壞,早上起床後，檢查並擦拭眼鏡，確保視力清晰,0.0033037252724170685,1.0,0.0,0.30231260769069196
1,動作_p03,動作,動作_ape_1_0dad864b,category_resampled,**提示句**：早上起床後，開始新的一天，先刷牙，保持口腔清洁。,洗澡,動詞,讓身體保持乾淨清新的動作,早晨洗個澡，讓自己清爽一整天,0.6133624911308289,1.0,0.0,0.7293537437915802
1,動作_p03,動作,動作_ape_1_0dad864b,category_resampled,**提示句**：早上起床後，開始新的一天，先刷牙，保持口腔清洁。,煮飯,動詞,要使用各種食材、廚具和調味料,準備早餐前，檢查鍋爐是否熱好,0.5328587293624878,1.0,0.0,0.6730011105537415
1,動作_p03,動作,動作_ape_1_0dad864b,category_resampled,**提示句**：早上起床後，開始新的一天，先刷牙，保持口腔清洁。,睡覺,動詞,"適當的時間內完成這件事,有助於健康",早晨起來，先整理床鋪，準備開始新的一天,0.27445411682128906,1.0,0.0,0.49211788177490234
1,動作_p03,動作,動作_ape_1_0dad864b,category_resampled,**提示句**：早上起床後，開始新的一天，先刷牙，保持口腔清洁。,穿衣服,動詞,可以做不同的搭配,整理衣物，準備上學或上班,0.1899605393409729,1.0,0.0,0.432972377538681
1,動作_p03,動作,動作_ape_1_0dad864b,category_resampled,**提示句**：早上起床後，開始新的一天，先刷牙，保持口腔清洁。,穿鞋子,動詞,"如果穿錯腳,會覺得不舒服",早晨起來，穿上鞋子，準備活動身體,0.4271054267883301,1.0,0.0,0.5989737987518311
1,動作_p03,動作,動作_ape_1_0dad864b,category_resampled,**提示句**：早上起床後，開始新的一天，先刷牙，保持口腔清洁。,綁鞋帶,動詞,小朋友通常需要學習怎麼綁,早晨起床後，準備早餐前，先系好鞋子,0.20829090476036072,1.0,0.0,0.4458036333322525
1,動作_p03,動作,動作_ape_1_0dad864b,category_resampled,**提示句**：早上起床後，開始新的一天，先刷牙，保持口腔清洁。,綁頭髮,動詞,需要使用特定的工具來固定,整理好頭髮，讓它看起來更清爽,0.2507074177265167,1.0,0.0,0.4754951924085617
1,動作_p03,動作,動作_ape_1_0dad864b,category_resampled,**提示句**：早上起床後，開始新的一天，先刷牙，保持口腔清洁。,聊天,動詞,在家裡、工作場合、咖啡廳等都很常見,與家人朋友分享你的感受和想法，增進彼此了解,0.1664225161075592,0.9523809523809523,0.0,0.40221004698957713
1,動作_p03,動作,動作_ape_1_0dad864b,category_resampled,**提示句**：早上起床後，開始新的一天，先刷牙，保持口腔清洁。,量體溫,動詞,需要使用特定的測量工具,,0.0,0.0,1.0,0.0
1,動作_p03,動作,動作_ape_1_0dad864b,category_resampled,**提示句**：早上起床後，開始新的一天，先刷牙，保持口腔清洁。,開門,動詞,"轉動把手,讓進出口變暢通的動作",早晨起來，輕輕推開家門，感受清晨的第一束光,0.3921237587928772,0.9523809523809523,0.0,0.5602009168692997
1,動物_p02,動物,動物_ape_1_7451dc86,category_resampled,**描述動物外觀與叫聲**：,牛,名詞,可做成肉乾食用,"有時很重實心,有時喜歡在田間地頭�",0.2956104874610901,1.0,0.0,0.5069273412227631
1,動物_p02,動物,動物_ape_1_7451dc86,category_resampled,**描述動物外觀與叫聲**：,狗,名詞,很多人家裡會養的動物,"有時很黏人,有時愛獨處,個性多變",0.2605103850364685,1.0,0.0,0.48235726952552793
1,動物_p02,動物,動物_ape_1_7451dc86,category_resampled,**描述動物外觀與叫聲**：,豬,名詞,可做成肉乾食用,"有時很重實在,有時喜歡拱門,鼻子長而",0.3254379332065582,1.0,0.0,0.5278065532445907
1,動物_p02,動物,動物_ape_1_7451dc86,category_resampled,**描述動物外觀與叫聲**：,貓,名詞,"有時很黏人,有時愛獨處,個性多變","有時很黏人,有時愛獨處,個性多變",1.0,1.0,0.0,1.0
1,動物_p02,動物,動物_ape_1_7451dc86,category_resampled,**描述動物外觀與叫聲**：,雞,名詞,"吃穀物、蟲子,有時候也會啄地上的食物",,0.0,0.0,1.0,0.0
1,動物_p02,動物,動物_ape_1_b50c4129,category_resampled,要點：描述外觀（如毛、耳朵、尾巴）、叫聲（如狗叫、貓咪叫）。,牛,名詞,可做成肉乾食用,"有時很重實心,有時喜歡啃草葉,在田",0.3275994062423706,1.0,0.0,0.5293195843696594
1,動物_p02,動物,動物_ape_1_b50c4129,category_resampled,要點：描述外觀（如毛、耳朵、尾巴）、叫聲（如狗叫、貓咪叫）。,狗,名詞,很多人家裡會養的動物,汪汪叫，大眼睛，常常在院子跑,0.34981492161750793,1.0,0.0,0.5448704451322555
1,動物_p02,動物,動物_ape_1_b50c4129,category_resampled,要點：描述外觀（如毛、耳朵、尾巴）、叫聲（如狗叫、貓咪叫）。,豬,名詞,可做成肉乾食用,"有時很重實在,有時喜歡群聚,全身長著",0.24903255701065063,1.0,0.0,0.4743227899074554
1,動物_p02,動物,動物_ape_1_b50c4129,category_resampled,要點：描述外觀（如毛、耳朵、尾巴）、叫聲（如狗叫、貓咪叫）。,貓,名詞,"有時很黏人,有時愛獨處,個性多變",喵喵叫，圓圓的耳朵，喜歡蜷在角落,0.274314820766449,1.0,0.0,0.49202037453651426
1,動物_p02,動物,動物_ape_1_b50c4129,category_resampled,要點：描述外觀（如毛、耳朵、尾巴）、叫聲（如狗叫、貓咪叫）。,雞,名詞,"吃穀物、蟲子,有時候也會啄地上的食物","有時在農田裡蹤跡斑斑,有時也喜歡",0.4864092767238617,1.0,0.0,0.6404864937067032
1,動物_p02,動物,動物_ape_1_115c4970,category_resampled,描述範圍：家裡、菜市場、公園。,牛,名詞,可做成肉乾食用,,0.0,0.0,1.0,0.0
1,動物_p02,動物,動物_ape_1_115c4970,category_resampled,描述範圍：家裡、菜市場、公園。,狗,名詞,很多人家裡會養的動物,"有時很黏人,有時愛獨處,個性多變",0.2605103850364685,1.0,0.0,0.48235726952552793
1,動物_p02,動物,動物_ape_1_115c4970,category_resampled,描述範圍：家裡、菜市場、公園。,豬,名詞,可做成肉乾食用,"有時候會拱背大睡覺,耳朵長而聳立,",0.16801753640174866,1.0,0.0,0.41761227548122404
1,動物_p02,動物,動物_ape_1_115c4970,category_resampled,描述範圍：家裡、菜市場、公園。,貓,名詞,"有時很黏人,有時愛獨處,個性多變",,0.0,0.0,1.0,0.0
1,動物_p02,動物,動物_ape_1_115c4970,category_resampled,描述範圍：家裡、菜市場、公園。,雞,名詞,"吃穀物、蟲子,有時候也會啄地上的食物",,0.0,0.0,1.0,0.0
1,動物_p02,動物,動物_ape_1_48bf7bbc,category_resampled,**描述動物生活環境與移動方式**：,牛,名詞,可做成肉乾食用,"有時在田間勞作,有時也喜歡在草地上休息",0.3310382068157196,1.0,0.0,0.5317267447710037
1,動物_p02,動物,動物_ape_1_48bf7bbc,category_resampled,**描述動物生活環境與移動方式**：,狗,名詞,很多人家裡會養的動物,很多家庭喜歡飼養的動物,0.860146164894104,1.0,0.0,0.9021023154258727
1,動物_p02,動物,動物_ape_1_48bf7bbc,category_resampled,**描述動物生活環境與移動方式**：,豬,名詞,可做成肉乾食用,"有時很重實在,喜歡群居,常常在地上刨土",0.3468027114868164,1.0,0.0,0.5427618980407715
1,動物_p02,動物,動物_ape_1_48bf7bbc,category_resampled,**描述動物生活環境與移動方式**：,貓,名詞,"有時很黏人,有時愛獨處,個性多變",喵~ 狂歡節日，它們在樹叢中,0.1071677878499031,1.0,0.0,0.37501745149493215
1,動物_p02,動物,動物_ape_1_48bf7bbc,category_resampled,**描述動物生活環境與移動方式**：,雞,名詞,"吃穀物、蟲子,有時候也會啄地上的食物",,0.0,0.0,1.0,0.0
1,動物_p02,動物,動物_ape_1_fee1808e,category_resampled,要點：描述生活環境（如家中、農場、水邊、天空）與移動方式（如跑、跳、游泳）。,牛,名詞,可做成肉乾食用,,0.0,0.0,1.0,0.0
1,動物_p02,動物,動物_ape_1_fee1808e,category_resampled,要點：描述生活環境（如家中、農場、水邊、天空）與移動方式（如跑、跳、游泳）。,狗,名詞,很多人家裡會養的動物,很多家庭喜歡養的動物,0.8549517393112183,1.0,0.0,0.8984662175178528
1,動物_p02,動物,動物_ape_1_fee1808e,category_resampled,要點：描述生活環境（如家中、農場、水邊、天空）與移動方式（如跑、跳、游泳）。,豬,名詞,可做成肉乾食用,"有時喜歡群居,有時也喜歡獨自遊蕩,",0.09408821165561676,1.0,0.0,0.3658617481589317
1,動物_p02,動物,動物_ape_1_fee1808e,category_resampled,要點：描述生活環境（如家中、農場、水邊、天空）與移動方式（如跑、跳、游泳）。,貓,名詞,"有時很黏人,有時愛獨處,個性多變","有時很黏人,有時愛獨處,個性多變",1.0,1.0,0.0,1.0
1,動物_p02,動物,動物_ape_1_fee1808e,category_resampled,要點：描述生活環境（如家中、農場、水邊、天空）與移動方式（如跑、跳、游泳）。,雞,名詞,"吃穀物、蟲子,有時候也會啄地上的食物",,0.0,0.0,1.0,0.0
1,動物_p02,動物,動物_ape_1_303a8cd7,category_resampled,描述範圍：家裡、菜市場、森林、湖泊。,牛,名詞,可做成肉乾食用,哞哞~，大大的頭，紅色的皮毛，四條,0.2680758833885193,1.0,0.0,0.48765311837196346
1,動物_p02,動物,動物_ape_1_303a8cd7,category_resampled,描述範圍：家裡、菜市場、森林、湖泊。,狗,名詞,很多人家裡會養的動物,"有時很黏人,有時愛獨處,個性多變",0.2605103850364685,1.0,0.0,0.48235726952552793
1,動物_p02,動物,動物_ape_1_303a8cd7,category_resampled,描述範圍：家裡、菜市場、森林、湖泊。,豬,名詞,可做成肉乾食用,"有時大而肥壯,有時瘦小,喜歡在田間",0.4136226773262024,1.0,0.0,0.5895358741283416
1,動物_p02,動物,動物_ape_1_303a8cd7,category_resampled,描述範圍：家裡、菜市場、森林、湖泊。,貓,名詞,"有時很黏人,有時愛獨處,個性多變",喵~ 看起來很機靈,0.25159400701522827,1.0,0.0,0.47611580491065975
1,動物_p02,動物,動物_ape_1_303a8cd7,category_resampled,描述範圍：家裡、菜市場、森林、湖泊。,雞,名詞,"吃穀物、蟲子,有時候也會啄地上的食物",,0.0,0.0,1.0,0.0
1,喝_p02,喝,喝_ape_1_1ba2a804,category_resampled,請生成一句提示句，其中包含目標詞彙「橙子」，但不得直接說出「橙子」。,珍珠奶茶,名詞,自備飲料杯-5元,,0.0,0.0,1.0,0.0
1,喝_p02,喝,喝_ape_1_1ba2a804,category_resampled,請生成一句提示句，其中包含目標詞彙「橙子」，但不得直接說出「橙子」。,紅茶,名詞,飲料店有在賣,,0.0,0.0,1.0,0.0
1,喝_p02,喝,喝_ape_1_1ba2a804,category_resampled,請生成一句提示句，其中包含目標詞彙「橙子」，但不得直接說出「橙子」。,豆漿,名詞,可以加糖更好喝,,0.0,0.0,1.0,0.0
1,喝_p02,喝,喝_ape_1_cd769abf,category_resampled,請生成一句提示句，其中包含目標詞彙「南瓜」，但不得直接說出「南瓜」。,珍珠奶茶,名詞,自備飲料杯-5元,,0.0,0.0,1.0,0.0
1,喝_p02,喝,喝_ape_1_cd769abf,category_resampled,請生成一句提示句，其中包含目標詞彙「南瓜」，但不得直接說出「南瓜」。,紅茶,名詞,飲料店有在賣,,0.0,0.0,1.0,0.0
1,喝_p02,喝,喝_ape_1_cd769abf,category_resampled,請生成一句提示句，其中包含目標詞彙「南瓜」，但不得直接說出「南瓜」。,豆漿,名詞,可以加糖更好喝,,0.0,0.0,1.0,0.0
1,娛樂場所_p02,娛樂場所,娛樂場所_ape_1_ac1152aa,category_resampled,以日常生活活動為中心，描述人們在那裡做什麼。,公園,名詞,適合散步、慢跑的區域,,0.0,0.0,1.0,0.0
1,娛樂場所_p02,娛樂場所,娛樂場所_ape_1_ac1152aa,category_resampled,以日常生活活動為中心，描述人們在那裡做什麼。,電影院,名詞,放映前會播預告片,,0.0,0.0,1.0,0.0
1,娛樂場所_p02,娛樂場所,娛樂場所_ape_1_42e5edbc,category_resampled,描述地點的常見景象或功能，避免太抽象的描述。,公園,名詞,適合散步、慢跑的區域,遊樂區有兒童滑梯和秋千，散步者常見花,0.5808770060539246,1.0,0.0,0.7066139042377472
1,娛樂場所_p02,娛樂場所,娛樂場所_ape_1_42e5edbc,category_resampled,描述地點的常見景象或功能，避免太抽象的描述。,電影院,名詞,放映前會播預告片,,0.0,0.0,1.0,0.0
1,學校_p01,學校,學校_ape_1_0cbec27c,category_resampled,為失語症患者生成一個具體、生活化且容易聯想到答案的語意提示句，請勿直接說出目標詞。,圖書館,名詞,有電腦可以查詢館藏資料,,0.0,0.0,1.0,0.0
1,學校_p01,學校,學校_ape_1_95edce66,category_resampled,為失語症患者生成一句具體、生活化且容易聯想到答案的語意提示句，請勿直接說出目標詞。,圖書館,名詞,有電腦可以查詢館藏資料,,0.0,0.0,1.0,0.0
1,家具_p02,家具,家具_ape_1_24f19e4e,category_resampled,描述一個特定目標詞彙的使用情境，讓失語症患者能夠更容易記憶和應用。,床,名詞,"有收納空間,底下可以放東西",,0.0,0.0,1.0,0.0
1,家具_p02,家具,家具_ape_1_24f19e4e,category_resampled,描述一個特定目標詞彙的使用情境，讓失語症患者能夠更容易記憶和應用。,桌子,名詞,吃飯時大家會圍著它坐下來,,0.0,0.0,1.0,0.0
1,家具_p02,家具,家具_ape_1_24f19e4e,category_resampled,描述一個特定目標詞彙的使用情境，讓失語症患者能夠更容易記憶和應用。,衣櫃,名詞,有木製、塑膠、金屬等材質,,0.0,0.0,1.0,0.0
1,家具_p02,家具,家具_ape_1_24f19e4e,category_resampled,描述一個特定目標詞彙的使用情境，讓失語症患者能夠更容易記憶和應用。,鏡子,名詞,"用久會變髒,需要擦拭才能更清晰",用久了可能會變灰塵，定期清洗保持光潔,0.8299502730369568,1.0,0.0,0.8809651911258698
1,家具_p02,家具,家具_ape_1_cdf6dffd,category_resampled,提供一個具體的目標詞彙，要求失語症患者在現實生活中找到相應的對應物。,床,名詞,"有收納空間,底下可以放東西",,0.0,0.0,1.0,0.0
1,家具_p02,家具,家具_ape_1_cdf6dffd,category_resampled,提供一個具體的目標詞彙，要求失語症患者在現實生活中找到相應的對應物。,桌子,名詞,吃飯時大家會圍著它坐下來,餐桌上擺放著各式各樣的餐具,0.6312446594238281,1.0,0.0,0.7418712615966796
1,家具_p02,家具,家具_ape_1_cdf6dffd,category_resampled,提供一個具體的目標詞彙，要求失語症患者在現實生活中找到相應的對應物。,衣櫃,名詞,有木製、塑膠、金屬等材質,,0.0,0.0,1.0,0.0
1,家具_p02,家具,家具_ape_1_cdf6dffd,category_resampled,提供一個具體的目標詞彙，要求失語症患者在現實生活中找到相應的對應物。,鏡子,名詞,"用久會變髒,需要擦拭才能更清晰",用久了會變灰暗，需要擦洗保持光亮,0.7423966526985168,1.0,0.0,0.8196776568889617
1,廚房用品_p02,廚房用品,廚房用品_ape_1_6ac8e056,category_resampled,描述一個水果的細節，例如它的顏色、形狀和口感。,砧板,名詞,"表面平整,不會卡住食材或殘渣",描述一個水果的細節，例如它的顏色、形狀和口感,0.14933660626411438,0.9090909090909091,0.0,0.3772628971121528
1,廚房用品_p02,廚房用品,廚房用品_ape_1_6ac8e056,category_resampled,描述一個水果的細節，例如它的顏色、形狀和口感。,菜刀,名詞,有中式、西式、切水果等種類,,0.0,0.0,1.0,0.0
1,廚房用品_p02,廚房用品,廚房用品_ape_1_6ac8e056,category_resampled,描述一個水果的細節，例如它的顏色、形狀和口感。,鍋子,名詞,料理方式不同也需不同種類,,0.0,0.0,1.0,0.0
1,文具_p02,文具,文具_ape_1_75b3205f,category_resampled,生成一個生活化的、具體的失語症治療提示句，讓患者能夠快速理解。,原子筆,名詞,按一下或轉一下可推出筆芯,,0.0,0.0,1.0,0.0
1,文具_p02,文具,文具_ape_1_b2080979,category_resampled,生成一個簡單明了的失語症治療提示句，讓患者容易記住和應用。,原子筆,名詞,按一下或轉一下可推出筆芯,"透過輕巧握把設計,方便隨時隨地書寫",0.5712937116622925,1.0,0.0,0.6999055981636046
1,水果_p01,水果,水果_ape_1_b50c0190,category_resampled,你是一位專門為高齡失語症患者設計語言治療提示句的專家。你的任務是接收一個目標水果詞彙，並根據以下嚴格原則，生成語境明確、具啟發性、方便高齡者聯想的提示句，幫助患者成功說出目標詞彙。,芒果,名詞,帶有濃郁的甜香氣味,鮮嫩多汁的黃色果實，皮薄肉厚，酸,0.5614219903945923,1.0,0.0,0.6929953932762145
1,水果_p01,水果,水果_ape_1_b50c0190,category_resampled,你是一位專門為高齡失語症患者設計語言治療提示句的專家。你的任務是接收一個目標水果詞彙，並根據以下嚴格原則，生成語境明確、具啟發性、方便高齡者聯想的提示句，幫助患者成功說出目標詞彙。,草莓,名詞,有綠色的蒂頭,鮮艷的紅色，圓滾滾的，酸甜可口,0.4283304214477539,1.0,0.0,0.5998312950134277
1,水果_p01,水果,水果_ape_1_b50c0190,category_resampled,你是一位專門為高齡失語症患者設計語言治療提示句的專家。你的任務是接收一個目標水果詞彙，並根據以下嚴格原則，生成語境明確、具啟發性、方便高齡者聯想的提示句，幫助患者成功說出目標詞彙。,葡萄,名詞,它的籽可以榨成油,,0.0,0.0,1.0,0.0
1,水果_p01,水果,水果_ape_1_b50c0190,category_resampled,你是一位專門為高齡失語症患者設計語言治療提示句的專家。你的任務是接收一個目標水果詞彙，並根據以下嚴格原則，生成語境明確、具啟發性、方便高齡者聯想的提示句，幫助患者成功說出目標詞彙。,蘋果,名詞,可能會打蠟,切開後露出多顆小籽,0.4084950089454651,1.0,0.0,0.5859465062618255
1,水果_p01,水果,水果_ape_1_b50c0190,category_resampled,你是一位專門為高齡失語症患者設計語言治療提示句的專家。你的任務是接收一個目標水果詞彙，並根據以下嚴格原則，生成語境明確、具啟發性、方便高齡者聯想的提示句，幫助患者成功說出目標詞彙。,香蕉,名詞,台灣的旗山種很多,它會隨著時間成熟變黃,-0.009604515507817268,1.0,0.0,0.2932768391445279
1,水果_p01,水果,水果_ape_1_b50c0190,category_resampled,你是一位專門為高齡失語症患者設計語言治療提示句的專家。你的任務是接收一個目標水果詞彙，並根據以下嚴格原則，生成語境明確、具啟發性、方便高齡者聯想的提示句，幫助患者成功說出目標詞彙。,鳳梨,名詞,切開後有特殊香氣,帶有鮮艷的橙黃色，圓潤的形狀，,0.3988358974456787,1.0,0.0,0.5791851282119751
1,水果_p01,水果,水果_ape_1_5cc46fca,category_resampled,提示句必須具體、貼近生活，符合高齡者熟悉的經驗與文化脈絡。,芒果,名詞,帶有濃郁的甜香氣味,帶有鮮艷橙黃色，圓形，略帶酸甜,0.5644500255584717,1.0,0.0,0.6951150178909302
1,水果_p01,水果,水果_ape_1_5cc46fca,category_resampled,提示句必須具體、貼近生活，符合高齡者熟悉的經驗與文化脈絡。,草莓,名詞,有綠色的蒂頭,紫色的小顆粒，紅色的果肉，酸甜可口的,0.36525583267211914,1.0,0.0,0.5556790828704834
1,水果_p01,水果,水果_ape_1_5cc46fca,category_resampled,提示句必須具體、貼近生活，符合高齡者熟悉的經驗與文化脈絡。,葡萄,名詞,它的籽可以榨成油,紫色的圓球形，表面有許多小刺，吃起來酸甜,0.28549909591674805,1.0,0.0,0.4998493671417236
1,水果_p01,水果,水果_ape_1_5cc46fca,category_resampled,提示句必須具體、貼近生活，符合高齡者熟悉的經驗與文化脈絡。,蘋果,名詞,可能會打蠟,它圓潤光滑，紅色或綠色，通常成串挂在樹,0.2450592964887619,1.0,0.0,0.4715415075421333
1,水果_p01,水果,水果_ape_1_5cc46fca,category_resampled,提示句必須具體、貼近生活，符合高齡者熟悉的經驗與文化脈絡。,香蕉,名詞,台灣的旗山種很多,皮膚滑滑的，黃色外衣包裹著綠色肉,0.014772746711969376,1.0,0.0,0.31034092269837854
1,水果_p01,水果,水果_ape_1_5cc46fca,category_resampled,提示句必須具體、貼近生活，符合高齡者熟悉的經驗與文化脈絡。,鳳梨,名詞,切開後有特殊香氣,,0.0,0.0,1.0,0.0
1,水果_p01,水果,水果_ape_1_f37faa26,category_resampled,避免抽象或模糊描述。,芒果,名詞,帶有濃郁的甜香氣味,帶有鮮艷橙黃色的圓球形，外皮略,0.3997262120246887,1.0,0.0,0.579808348417282
1,水果_p01,水果,水果_ape_1_f37faa26,category_resampled,避免抽象或模糊描述。,草莓,名詞,有綠色的蒂頭,鮮艷的紅色，圓潤的形狀，酸甜的,0.40265506505966187,1.0,0.0,0.5818585455417633
1,水果_p01,水果,水果_ape_1_f37faa26,category_resampled,避免抽象或模糊描述。,葡萄,名詞,它的籽可以榨成油,紫色的圓球形，表皮略帶粉紅色，口感酸,0.2458823323249817,1.0,0.0,0.4721176326274872
1,水果_p01,水果,水果_ape_1_f37faa26,category_resampled,避免抽象或模糊描述。,蘋果,名詞,可能會打蠟,它可能纏繞在樹枝上，紅色或綠色，,0.3390676975250244,1.0,0.0,0.537347388267517
1,水果_p01,水果,水果_ape_1_f37faa26,category_resampled,避免抽象或模糊描述。,香蕉,名詞,台灣的旗山種很多,帶有黃色外皮和紅色果肉的圓形水果，,0.21459650993347168,1.0,0.0,0.45021755695343013
1,水果_p01,水果,水果_ape_1_f37faa26,category_resampled,避免抽象或模糊描述。,鳳梨,名詞,切開後有特殊香氣,它的皮薄而脆，果肉多汁且略帶微酸，,0.5361614227294922,1.0,0.0,0.6753129959106445
1,水果_p01,水果,水果_ape_1_ba664d45,category_resampled,每句提示句須精準指向該水果的專屬特徵。,芒果,名詞,帶有濃郁的甜香氣味,帶有鮮艷的橙黃色皮膚，圓潤飽,0.5242905616760254,1.0,0.0,0.6670033931732178
1,水果_p01,水果,水果_ape_1_ba664d45,category_resampled,每句提示句須精準指向該水果的專屬特徵。,草莓,名詞,有綠色的蒂頭,帶有鮮艷紅色外皮和小巧圓潤形狀,0.446463406085968,1.0,0.0,0.6125243842601775
1,水果_p01,水果,水果_ape_1_ba664d45,category_resampled,每句提示句須精準指向該水果的專屬特徵。,葡萄,名詞,它的籽可以榨成油,它的皮薄而多汁，常見於夏季餐桌上,0.29027238488197327,1.0,0.0,0.5031906694173813
1,水果_p01,水果,水果_ape_1_ba664d45,category_resampled,每句提示句須精準指向該水果的專屬特徵。,蘋果,名詞,可能會打蠟,它可能含有許多小顆粒,0.5127677321434021,1.0,0.0,0.6589374125003815
1,水果_p01,水果,水果_ape_1_ba664d45,category_resampled,每句提示句須精準指向該水果的專屬特徵。,香蕉,名詞,台灣的旗山種很多,皮薄而滑膩，常見於市場中,0.12302619218826294,1.0,0.0,0.386118334531784
1,水果_p01,水果,水果_ape_1_ba664d45,category_resampled,每句提示句須精準指向該水果的專屬特徵。,鳳梨,名詞,切開後有特殊香氣,帶有微酸和甘甜的香味,0.770734429359436,1.0,0.0,0.8395141005516051
1,調味_p01,調味,調味_ape_1_f96cf70b,category_resampled,根據目標詞彙的音節特徵，生成一句簡短、具體、生活化且容易聯想到答案的提示句。,糖,名詞,吃太多對胰臟不好,甜甜蜜蜜的滋味，讓食物變得格外美味,0.2942565381526947,1.0,0.0,0.5059795767068862
1,調味_p01,調味,調味_ape_1_f96cf70b,category_resampled,根據目標詞彙的音節特徵，生成一句簡短、具體、生活化且容易聯想到答案的提示句。,鹽,名詞,在古代是非常珍貴的物品,,0.0,0.0,1.0,0.0
1,調味_p01,調味,調味_ape_1_cd86a269,category_resampled,根據目標詞彙的重複率和音節結構，生成一句簡短、具體、生活化且容易聯想到答案的提示句。,糖,名詞,吃太多對胰臟不好,"透過熱量催化,甜潤於口中的滋味",0.252132773399353,1.0,0.0,0.4764929413795471
1,調味_p01,調味,調味_ape_1_cd86a269,category_resampled,根據目標詞彙的重複率和音節結構，生成一句簡短、具體、生活化且容易聯想到答案的提示句。,鹽,名詞,在古代是非常珍貴的物品,,0.0,0.0,1.0,0.0
1,輔具_p02,輔具,輔具_ape_1_4f6599a0,category_resampled,如何創建一個包含目標詞彙的簡單而具體的失語症治療提示？,假牙,名詞,剛戴上時可能會有異物感,,0.0,0.0,1.0,0.0
1,輔具_p02,輔具,輔具_ape_1_4f6599a0,category_resampled,如何創建一個包含目標詞彙的簡單而具體的失語症治療提示？,助聽器,名詞,需要定期更換電池或充電,,0.0,0.0,1.0,0.0
1,輔具_p02,輔具,輔具_ape_1_4f6599a0,category_resampled,如何創建一個包含目標詞彙的簡單而具體的失語症治療提示？,拐杖,名詞,有標準型、四腳型或摺疊款式,,0.0,0.0,1.0,0.0
1,輔具_p02,輔具,輔具_ape_1_4f6599a0,category_resampled,如何創建一個包含目標詞彙的簡單而具體的失語症治療提示？,藥盒,名詞,有些時間到會發出聲音或震動,,0.0,0.0,1.0,0.0
1,輔具_p02,輔具,輔具_ape_1_4f6599a0,category_resampled,如何創建一個包含目標詞彙的簡單而具體的失語症治療提示？,護膝,名詞,適合冬天或關節炎患者使用,,0.0,0.0,1.0,0.0
1,輔具_p02,輔具,輔具_ape_1_4f6599a0,category_resampled,如何創建一個包含目標詞彙的簡單而具體的失語症治療提示？,輪椅,名詞,"某些款式可折疊,方便攜帶或存放",如何使用手杖協助移動,0.26861411333084106,1.0,0.0,0.4880298793315887
1,運動場所_p01,運動場所,運動場所_ape_1_477115b0,category_resampled,為失語症患者生成簡短、具體、容易聯想到答案的語意提示句,操場,名詞,"有些設有夜間照明,方便晚間運動",,0.0,0.0,1.0,0.0
1,運動場所_p01,運動場所,運動場所_ape_1_477115b0,category_resampled,為失語症患者生成簡短、具體、容易聯想到答案的語意提示句,游泳池,名詞,比賽泳道通常是 50 公尺長,在陽光下嬉戲，水花四溢�新鮮感,0.09325958788394928,1.0,0.0,0.3652817115187645
1,運動場所_p01,運動場所,運動場所_ape_1_84b3993d,category_resampled,為失語症患者生成一個具體、容易聯想到答案的語意提示句,操場,名詞,"有些設有夜間照明,方便晚間運動",,0.0,0.0,1.0,0.0
1,運動場所_p01,運動場所,運動場所_ape_1_84b3993d,category_resampled,為失語症患者生成一個具體、容易聯想到答案的語意提示句,游泳池,名詞,比賽泳道通常是 50 公尺長,在陽光下，遊泳池反射著藍色的光芒,0.4305930733680725,1.0,0.0,0.6014151513576507
1,醫療場所_p01,醫療場所,醫療場所_ape_1_32fb0e73,category_resampled,你是一位專門為高齡失語症患者設計語言治療提示句的專家。請根據目標詞彙最具辨識度的特徵，生成一個簡短、具體、生活化且容易聯想到答案的提示句，不可直接說出目標詞。每次只輸出一個提示句，不要解釋。,藥局,名詞,有些會提供血壓量測和領取口罩等服務,,0.0,0.0,1.0,0.0
1,醫療場所_p01,醫療場所,醫療場所_ape_1_32fb0e73,category_resampled,你是一位專門為高齡失語症患者設計語言治療提示句的專家。請根據目標詞彙最具辨識度的特徵，生成一個簡短、具體、生活化且容易聯想到答案的提示句，不可直接說出目標詞。每次只輸出一個提示句，不要解釋。,醫院,名詞,設有內科、外科、婦產科、小兒科等不同科別,在忙碌的一天後，找個地方休息和療癒，去,0.12456988543272018,1.0,0.0,0.3871989198029041
1,金融機構_p02,金融機構,金融機構_ape_1_28df5e18,category_resampled,為失語症患者生成簡短、具體、容易聯想到答案的語意提示句。,郵局,名詞,有些人會來這裡繳水電費或其他帳單,"透過現代化設計, 提供安全儲存和快速取款服務",0.19975507259368896,0.9090909090909091,0.0,0.41255582354285497
1,電器用品_p01,電器用品,電器用品_ape_1_9b704e34,category_resampled,描述一個讓食物變冷的過程，例如「讓食物在冰箱裡緩慢凍結」。,冰箱,名詞,"長方形,有兩個門",,0.0,0.0,1.0,0.0
1,電器用品_p01,電器用品,電器用品_ape_1_9b704e34,category_resampled,描述一個讓食物變冷的過程，例如「讓食物在冰箱裡緩慢凍結」。,冷氣,名詞,開27度可以環保愛地球,,0.0,0.0,1.0,0.0
1,電器用品_p01,電器用品,電器用品_ape_1_9b704e34,category_resampled,描述一個讓食物變冷的過程，例如「讓食物在冰箱裡緩慢凍結」。,吸塵器,名詞,分為無線與有線兩種,,0.0,0.0,1.0,0.0
1,電器用品_p01,電器用品,電器用品_ape_1_9b704e34,category_resampled,描述一個讓食物變冷的過程，例如「讓食物在冰箱裡緩慢凍結」。,吹風機,名詞,"部分有折疊設計,方便攜帶",,0.0,0.0,1.0,0.0
1,電器用品_p01,電器用品,電器用品_ape_1_9b704e34,category_resampled,描述一個讓食物變冷的過程，例如「讓食物在冰箱裡緩慢凍結」。,手機,名詞,耳機、充電線、網路,,0.0,0.0,1.0,0.0
1,電器用品_p01,電器用品,電器用品_ape_1_9b704e34,category_resampled,描述一個讓食物變冷的過程，例如「讓食物在冰箱裡緩慢凍結」。,插座,名詞,通電,,0.0,0.0,1.0,0.0
1,電器用品_p01,電器用品,電器用品_ape_1_9b704e34,category_resampled,描述一個讓食物變冷的過程，例如「讓食物在冰箱裡緩慢凍結」。,洗衣機,名詞,會外接一根水管,,0.0,0.0,1.0,0.0
1,電器用品_p01,電器用品,電器用品_ape_1_9b704e34,category_resampled,描述一個讓食物變冷的過程，例如「讓食物在冰箱裡緩慢凍結」。,烤箱,名詞,預熱、定時、溫度調整,,0.0,0.0,1.0,0.0
1,電器用品_p01,電器用品,電器用品_ape_1_9b704e34,category_resampled,描述一個讓食物變冷的過程，例如「讓食物在冰箱裡緩慢凍結」。,熱水瓶,名詞,煮沸後會跳起來,,0.0,0.0,1.0,0.0
1,電器用品_p01,電器用品,電器用品_ape_1_9b704e34,category_resampled,描述一個讓食物變冷的過程，例如「讓食物在冰箱裡緩慢凍結」。,瓦斯爐,名詞,鍋子、鍋鏟,,0.0,0.0,1.0,0.0
1,電器用品_p01,電器用品,電器用品_ape_1_9b704e34,category_resampled,描述一個讓食物變冷的過程，例如「讓食物在冰箱裡緩慢凍結」。,除濕機,名詞,會吹出熱熱的風,,0.0,0.0,1.0,0.0
1,電器用品_p01,電器用品,電器用品_ape_1_9b704e34,category_resampled,描述一個讓食物變冷的過程，例如「讓食物在冰箱裡緩慢凍結」。,電燈,名詞,會連接開關,,0.0,0.0,1.0,0.0
1,電器用品_p01,電器用品,電器用品_ape_1_9b704e34,category_resampled,描述一個讓食物變冷的過程，例如「讓食物在冰箱裡緩慢凍結」。,電視,名詞,阿嬤打開XX,,0.0,0.0,1.0,0.0
1,電器用品_p01,電器用品,電器用品_ape_1_9b704e34,category_resampled,描述一個讓食物變冷的過程，例如「讓食物在冰箱裡緩慢凍結」。,電話,名詞,有回撥功能,,0.0,0.0,1.0,0.0
1,電器用品_p01,電器用品,電器用品_ape_1_9b704e34,category_resampled,描述一個讓食物變冷的過程，例如「讓食物在冰箱裡緩慢凍結」。,電鍋,名詞,內鍋、外鍋、加熱板、保溫開關,,0.0,0.0,1.0,0.0
1,電器用品_p01,電器用品,電器用品_ape_1_9b704e34,category_resampled,描述一個讓食物變冷的過程，例如「讓食物在冰箱裡緩慢凍結」。,電風扇,名詞,插電後即可使用,,0.0,0.0,1.0,0.0
1,電器用品_p01,電器用品,電器用品_ape_1_0bca79fb,category_resampled,詞彙描述在廚房中使用冰箱的行為，如「冰箱在夏天讓食物快速降溫」。,冰箱,名詞,"長方形,有兩個門",,0.0,0.0,1.0,0.0
1,電器用品_p01,電器用品,電器用品_ape_1_0bca79fb,category_resampled,詞彙描述在廚房中使用冰箱的行為，如「冰箱在夏天讓食物快速降溫」。,冷氣,名詞,開27度可以環保愛地球,,0.0,0.0,1.0,0.0
1,電器用品_p01,電器用品,電器用品_ape_1_0bca79fb,category_resampled,詞彙描述在廚房中使用冰箱的行為，如「冰箱在夏天讓食物快速降溫」。,吸塵器,名詞,分為無線與有線兩種,,0.0,0.0,1.0,0.0
1,電器用品_p01,電器用品,電器用品_ape_1_0bca79fb,category_resampled,詞彙描述在廚房中使用冰箱的行為，如「冰箱在夏天讓食物快速降溫」。,吹風機,名詞,"部分有折疊設計,方便攜帶",,0.0,0.0,1.0,0.0
1,電器用品_p01,電器用品,電器用品_ape_1_0bca79fb,category_resampled,詞彙描述在廚房中使用冰箱的行為，如「冰箱在夏天讓食物快速降溫」。,手機,名詞,耳機、充電線、網路,耳機、充電線、網路,1.0,1.0,0.0,1.0
1,電器用品_p01,電器用品,電器用品_ape_1_0bca79fb,category_resampled,詞彙描述在廚房中使用冰箱的行為，如「冰箱在夏天讓食物快速降溫」。,插座,名詞,通電,插頭、線材、安裝位置,0.3554310202598572,1.0,0.0,0.5488017141818999
1,電器用品_p01,電器用品,電器用品_ape_1_0bca79fb,category_resampled,詞彙描述在廚房中使用冰箱的行為，如「冰箱在夏天讓食物快速降溫」。,洗衣機,名詞,會外接一根水管,幫忙晾衣服，自動運轉，省時又方便,0.30336785316467285,1.0,0.0,0.5123574972152709
1,電器用品_p01,電器用品,電器用品_ape_1_0bca79fb,category_resampled,詞彙描述在廚房中使用冰箱的行為，如「冰箱在夏天讓食物快速降溫」。,烤箱,名詞,預熱、定時、溫度調整,,0.0,0.0,1.0,0.0
1,電器用品_p01,電器用品,電器用品_ape_1_0bca79fb,category_resampled,詞彙描述在廚房中使用冰箱的行為，如「冰箱在夏天讓食物快速降溫」。,熱水瓶,名詞,煮沸後會跳起來,使用時要注意保暖，避免手部受涼,0.40180522203445435,1.0,0.0,0.581263655424118
1,電器用品_p01,電器用品,電器用品_ape_1_0bca79fb,category_resampled,詞彙描述在廚房中使用冰箱的行為，如「冰箱在夏天讓食物快速降溫」。,瓦斯爐,名詞,鍋子、鍋鏟,鍋碗瓢盆中的炊事工具,0.8323751091957092,1.0,0.0,0.8826625764369964
1,電器用品_p01,電器用品,電器用品_ape_1_0bca79fb,category_resampled,詞彙描述在廚房中使用冰箱的行為，如「冰箱在夏天讓食物快速降溫」。,除濕機,名詞,會吹出熱熱的風,,0.0,0.0,1.0,0.0
1,電器用品_p01,電器用品,電器用品_ape_1_0bca79fb,category_resampled,詞彙描述在廚房中使用冰箱的行為，如「冰箱在夏天讓食物快速降溫」。,電燈,名詞,會連接開關,燈泡亮起來照亮家裡,0.3735555410385132,1.0,0.0,0.5614888787269592
1,電器用品_p01,電器用品,電器用品_ape_1_0bca79fb,category_resampled,詞彙描述在廚房中使用冰箱的行為，如「冰箱在夏天讓食物快速降溫」。,電視,名詞,阿嬤打開XX,開機後，螢幕上顯示各種頻道和節目資訊,0.21711547672748566,1.0,0.0,0.4519808337092399
1,電器用品_p01,電器用品,電器用品_ape_1_0bca79fb,category_resampled,詞彙描述在廚房中使用冰箱的行為，如「冰箱在夏天讓食物快速降溫」。,電話,名詞,有回撥功能,連線、通話、撥打、接听,0.4584358334541321,1.0,0.0,0.6209050834178924
1,電器用品_p01,電器用品,電器用品_ape_1_0bca79fb,category_resampled,詞彙描述在廚房中使用冰箱的行為，如「冰箱在夏天讓食物快速降溫」。,電鍋,名詞,內鍋、外鍋、加熱板、保溫開關,煮飯、調味、加熱食物,0.7143372297286987,1.0,0.0,0.8000360608100892
1,電器用品_p01,電器用品,電器用品_ape_1_0bca79fb,category_resampled,詞彙描述在廚房中使用冰箱的行為，如「冰箱在夏天讓食物快速降溫」。,電風扇,名詞,插電後即可使用,,0.0,0.0,1.0,0.0
1,餐具_p02,餐具,餐具_ape_1_603bc589,category_resampled,描述一個特定目標詞彙，例如「橙色」，但不直接说出目標詞。,叉子,名詞,兒童款的XX會比較圓潤,描述一個特定目標詞彙，例如「橙色」，但不,0.10622427612543106,1.0,0.0,0.3743569932878017
1,餐具_p02,餐具,餐具_ape_1_603bc589,category_resampled,描述一個特定目標詞彙，例如「橙色」，但不直接说出目標詞。,湯匙,名詞,"嬰兒用的特別小,邊緣圓滑,方便餵食","嬰兒用的特別小,邊緣圓滑,方便餵食",0.9999998807907104,1.0,0.0,0.9999999165534972
1,餐具_p02,餐具,餐具_ape_1_603bc589,category_resampled,描述一個特定目標詞彙，例如「橙色」，但不直接说出目標詞。,碗,名詞,可以是陶瓷、不鏽鋼、塑膠或木頭材質製成的,描述一個特定目標詞彙，例如「橙色」，但不,0.09127938002347946,1.0,0.0,0.3638955660164356
1,餐具_p02,餐具,餐具_ape_1_7b6df6f4,category_resampled,說明如何使用簡單具體的形容詞來描述目標詞彙，例如「深綠」。,叉子,名詞,兒童款的XX會比較圓潤,,0.0,0.0,1.0,0.0
1,餐具_p02,餐具,餐具_ape_1_7b6df6f4,category_resampled,說明如何使用簡單具體的形容詞來描述目標詞彙，例如「深綠」。,湯匙,名詞,"嬰兒用的特別小,邊緣圓滑,方便餵食",兒童款的XX會比較圓潤,0.4581700563430786,1.0,0.0,0.6207190394401549
1,餐具_p02,餐具,餐具_ape_1_7b6df6f4,category_resampled,說明如何使用簡單具體的形容詞來描述目標詞彙，例如「深綠」。,碗,名詞,可以是陶瓷、不鏽鋼、塑膠或木頭材質製成的,,0.0,0.0,1.0,0.0
2,動作_ape_1_fd3949e3,動作,動作_ape_2_b7c80da6,category_resampled,描述動作的目的和工具：,上廁所,動詞,會坐/蹲在馬桶上執行動作,在需要時前往衛生間，保持個人清潔,0.5202752351760864,1.0,0.0,0.6641926646232605
2,動作_ape_1_fd3949e3,動作,動作_ape_2_b7c80da6,category_resampled,描述動作的目的和工具：,刷牙,動詞,正確的XX方式是由上往下、由內到外,,0.0,0.0,1.0,0.0
2,動作_ape_1_fd3949e3,動作,動作_ape_2_b7c80da6,category_resampled,描述動作的目的和工具：,削水果,動詞,通常使用在蘋果、梨子、棗子等較硬的果皮上,切好水果，方便食用,0.7440012693405151,1.0,0.0,0.8208008885383606
2,動作_ape_1_fd3949e3,動作,動作_ape_2_b7c80da6,category_resampled,描述動作的目的和工具：,剪指甲,動詞,需要使用專門的小工具,,0.0,0.0,1.0,0.0
2,動作_ape_1_fd3949e3,動作,動作_ape_2_b7c80da6,category_resampled,描述動作的目的和工具：,吃飯,動詞,一天三餐,一日三餐,0.9919353127479553,1.0,0.0,0.9943547189235686
2,動作_ape_1_fd3949e3,動作,動作_ape_2_b7c80da6,category_resampled,描述動作的目的和工具：,咳嗽,動詞,會泡陳皮和柿餅茶來緩解症狀,咳幾下，清清嗓音,0.3195508122444153,1.0,0.0,0.5236855685710906
2,動作_ape_1_fd3949e3,動作,動作_ape_2_b7c80da6,category_resampled,描述動作的目的和工具：,喝水,動詞,有些人會加入檸檬等來增加味道,隨時喝杯水保持 hydrated,0.4374973773956299,1.0,0.0,0.6062481641769408
2,動作_ape_1_fd3949e3,動作,動作_ape_2_b7c80da6,category_resampled,描述動作的目的和工具：,寫字,動詞,學生上課時經常做的事情,記住常用筆順，練習書寫時多檢查,0.5088958144187927,1.0,0.0,0.656227070093155
2,動作_ape_1_fd3949e3,動作,動作_ape_2_b7c80da6,category_resampled,描述動作的目的和工具：,打噴嚏,動詞,生病時會更頻繁發生,,0.0,0.0,1.0,0.0
2,動作_ape_1_fd3949e3,動作,動作_ape_2_b7c80da6,category_resampled,描述動作的目的和工具：,拍照,動詞,光線、角度和背景會影響結果,拿起相機，捕捉美好瞬間,0.3262046277523041,1.0,0.0,0.5283432394266128
2,動作_ape_1_fd3949e3,動作,動作_ape_2_b7c80da6,category_resampled,描述動作的目的和工具：,掃地,動詞,"搭配拖地效果更好,讓地板變得更潔淨",整理家中的雜物，讓地板更乾淨,0.8371045589447021,1.0,0.0,0.8859731912612914
2,動作_ape_1_fd3949e3,動作,動作_ape_2_b7c80da6,category_resampled,描述動作的目的和工具：,摺衣服,動詞,有些人會用專門的板子來幫助摺整齊,整理衣物，保持整洁有序,0.39626288414001465,1.0,0.0,0.5773840188980102
2,動作_ape_1_fd3949e3,動作,動作_ape_2_b7c80da6,category_resampled,描述動作的目的和工具：,擦桌子,動詞,在餐廳、學校、辦公室都很常見,整理桌面，準備用餐,0.39526090025901794,1.0,0.0,0.5766826301813126
2,動作_ape_1_fd3949e3,動作,動作_ape_2_b7c80da6,category_resampled,描述動作的目的和工具：,擦汗,動詞,用力過大可能會讓皮膚泛紅,在忙碌時保持清醒，隨時準備擦拭汗水,0.3068792521953583,1.0,0.0,0.5148154765367507
2,動作_ape_1_fd3949e3,動作,動作_ape_2_b7c80da6,category_resampled,描述動作的目的和工具：,擦眼鏡,動詞,太用力可能會導致損壞,正確佩戴眼鏡以確保視力清晰,-0.008662551641464233,1.0,0.0,0.293936213850975
2,動作_ape_1_fd3949e3,動作,動作_ape_2_b7c80da6,category_resampled,描述動作的目的和工具：,洗澡,動詞,讓身體保持乾淨清新的動作,定期洗個澡，保持身體乾淨,0.7411935925483704,1.0,0.0,0.8188355147838593
2,動作_ape_1_fd3949e3,動作,動作_ape_2_b7c80da6,category_resampled,描述動作的目的和工具：,煮飯,動詞,要使用各種食材、廚具和調味料,準備食材，開始烹飪美味佳餚,0.7379542589187622,1.0,0.0,0.8165679812431335
2,動作_ape_1_fd3949e3,動作,動作_ape_2_b7c80da6,category_resampled,描述動作的目的和工具：,睡覺,動詞,"適當的時間內完成這件事,有助於健康",正確的作息時間對於維持身心健康非常重要,0.8132699728012085,1.0,0.0,0.869288980960846
2,動作_ape_1_fd3949e3,動作,動作_ape_2_b7c80da6,category_resampled,描述動作的目的和工具：,穿衣服,動詞,可以做不同的搭配,整理衣物，開始新的一天,0.2025984525680542,1.0,0.0,0.4418189167976379
2,動作_ape_1_fd3949e3,動作,動作_ape_2_b7c80da6,category_resampled,描述動作的目的和工具：,穿鞋子,動詞,"如果穿錯腳,會覺得不舒服",整理鞋帶，讓腳部更穩固,0.5524778962135315,1.0,0.0,0.686734527349472
2,動作_ape_1_fd3949e3,動作,動作_ape_2_b7c80da6,category_resampled,描述動作的目的和工具：,綁鞋帶,動詞,小朋友通常需要學習怎麼綁,把鞋帶打結，方便穿脫,0.34482353925704956,1.0,0.0,0.5413764774799347
2,動作_ape_1_fd3949e3,動作,動作_ape_2_b7c80da6,category_resampled,描述動作的目的和工具：,綁頭髮,動詞,需要使用特定的工具來固定,整理好帽子，準備開始新的一天,0.20178261399269104,1.0,0.0,0.4412478297948837
2,動作_ape_1_fd3949e3,動作,動作_ape_2_b7c80da6,category_resampled,描述動作的目的和工具：,聊天,動詞,在家裡、工作場合、咖啡廳等都很常見,與親友分享你的想法和感受，增進溝通,0.16215698421001434,1.0,0.0,0.41350988894701
2,動作_ape_1_fd3949e3,動作,動作_ape_2_b7c80da6,category_resampled,描述動作的目的和工具：,量體溫,動詞,需要使用特定的測量工具,測量身體溫度，預防疾病,0.44138485193252563,1.0,0.0,0.6089693963527679
2,動作_ape_1_fd3949e3,動作,動作_ape_2_b7c80da6,category_resampled,描述動作的目的和工具：,開門,動詞,"轉動把手,讓進出口變暢通的動作",隨時隨地進家門,0.42891135811805725,1.0,0.0,0.6002379506826401
2,動作_ape_1_fd3949e3,動作,動作_ape_2_ef6d0c83,category_resampled,提示句：早上起床後，開始新的一天，先刷牙，保持口腔清洁。,上廁所,動詞,會坐/蹲在馬桶上執行動作,,0.0,0.0,1.0,0.0
2,動作_ape_1_fd3949e3,動作,動作_ape_2_ef6d0c83,category_resampled,提示句：早上起床後，開始新的一天，先刷牙，保持口腔清洁。,刷牙,動詞,正確的XX方式是由上往下、由內到外,,0.0,0.0,1.0,0.0
2,動作_ape_1_fd3949e3,動作,動作_ape_2_ef6d0c83,category_resampled,提示句：早上起床後，開始新的一天，先刷牙，保持口腔清洁。,削水果,動詞,通常使用在蘋果、梨子、棗子等較硬的果皮上,準備早餐前，先切好水果，讓口感更豐富,0.6110787987709045,1.0,0.0,0.7277551591396332
2,動作_ape_1_fd3949e3,動作,動作_ape_2_ef6d0c83,category_resampled,提示句：早上起床後，開始新的一天，先刷牙，保持口腔清洁。,剪指甲,動詞,需要使用專門的小工具,每天晚上，檢查手指甲是否需要修剪,0.38483500480651855,1.0,0.0,0.569384503364563
2,動作_ape_1_fd3949e3,動作,動作_ape_2_ef6d0c83,category_resampled,提示句：早上起床後，開始新的一天，先刷牙，保持口腔清洁。,吃飯,動詞,一天三餐,早晨起來，第一件事就是準備早餐,0.4225207567214966,1.0,0.0,0.5957645297050476
2,動作_ape_1_fd3949e3,動作,動作_ape_2_ef6d0c83,category_resampled,提示句：早上起床後，開始新的一天，先刷牙，保持口腔清洁。,咳嗽,動詞,會泡陳皮和柿餅茶來緩解症狀,咳一口氣，清除呼吸道中的異物,0.38328421115875244,1.0,0.0,0.5682989478111267
2,動作_ape_1_fd3949e3,動作,動作_ape_2_ef6d0c83,category_resampled,提示句：早上起床後，開始新的一天，先刷牙，保持口腔清洁。,喝水,動詞,有些人會加入檸檬等來增加味道,早晨起來，記得喝杯水潤潤喉,0.4108664095401764,1.0,0.0,0.5876064866781234
2,動作_ape_1_fd3949e3,動作,動作_ape_2_ef6d0c83,category_resampled,提示句：早上起床後，開始新的一天，先刷牙，保持口腔清洁。,寫字,動詞,學生上課時經常做的事情,拿起筆，坐在桌前，開始寫作,0.35795772075653076,1.0,0.0,0.5505704045295715
2,動作_ape_1_fd3949e3,動作,動作_ape_2_ef6d0c83,category_resampled,提示句：早上起床後，開始新的一天，先刷牙，保持口腔清洁。,打噴嚏,動詞,生病時會更頻繁發生,早晨起來，打個噴嚏，清潔鼻腔,0.42978477478027344,1.0,0.0,0.6008493423461914
2,動作_ape_1_fd3949e3,動作,動作_ape_2_ef6d0c83,category_resampled,提示句：早上起床後，開始新的一天，先刷牙，保持口腔清洁。,拍照,動詞,光線、角度和背景會影響結果,拿起手機，拍下早晨的景色,0.28175145387649536,1.0,0.0,0.49722601771354674
2,動作_ape_1_fd3949e3,動作,動作_ape_2_ef6d0c83,category_resampled,提示句：早上起床後，開始新的一天，先刷牙，保持口腔清洁。,掃地,動詞,"搭配拖地效果更好,讓地板變得更潔淨",整理家務事項，讓生活更有序,0.5520215630531311,1.0,0.0,0.6864150941371918
2,動作_ape_1_fd3949e3,動作,動作_ape_2_ef6d0c83,category_resampled,提示句：早上起床後，開始新的一天，先刷牙，保持口腔清洁。,摺衣服,動詞,有些人會用專門的板子來幫助摺整齊,整理衣物，準備迎接新一天,0.31942838430404663,1.0,0.0,0.5235998690128326
2,動作_ape_1_fd3949e3,動作,動作_ape_2_ef6d0c83,category_resampled,提示句：早上起床後，開始新的一天，先刷牙，保持口腔清洁。,擦桌子,動詞,在餐廳、學校、辦公室都很常見,整理桌面，準備早餐時，開始擦拭餐桌,0.34580981731414795,1.0,0.0,0.5420668721199036
2,動作_ape_1_fd3949e3,動作,動作_ape_2_ef6d0c83,category_resampled,提示句：早上起床後，開始新的一天，先刷牙，保持口腔清洁。,擦汗,動詞,用力過大可能會讓皮膚泛紅,早晨起床後，先擦掉臉上的汗水，保持清爽,0.3873968720436096,1.0,0.0,0.5711778104305267
2,動作_ape_1_fd3949e3,動作,動作_ape_2_ef6d0c83,category_resampled,提示句：早上起床後，開始新的一天，先刷牙，保持口腔清洁。,擦眼鏡,動詞,太用力可能會導致損壞,早晨起床後，檢查並擦拭眼鏡，確保清晰閱讀,0.002445600926876068,1.0,0.0,0.30171192064881325
2,動作_ape_1_fd3949e3,動作,動作_ape_2_ef6d0c83,category_resampled,提示句：早上起床後，開始新的一天，先刷牙，保持口腔清洁。,洗澡,動詞,讓身體保持乾淨清新的動作,早晨起床後，先洗個澡，清爽一整天,0.5746809840202332,1.0,0.0,0.7022766888141632
2,動作_ape_1_fd3949e3,動作,動作_ape_2_ef6d0c83,category_resampled,提示句：早上起床後，開始新的一天，先刷牙，保持口腔清洁。,煮飯,動詞,要使用各種食材、廚具和調味料,準備早餐時，將米和水放入鍋中，開火煮沸,0.5038491487503052,1.0,0.0,0.6526944041252136
2,動作_ape_1_fd3949e3,動作,動作_ape_2_ef6d0c83,category_resampled,提示句：早上起床後，開始新的一天，先刷牙，保持口腔清洁。,睡覺,動詞,"適當的時間內完成這件事,有助於健康",早晨起來，先整理床鋪，準備開始新的一天,0.27445411682128906,1.0,0.0,0.49211788177490234
2,動作_ape_1_fd3949e3,動作,動作_ape_2_ef6d0c83,category_resampled,提示句：早上起床後，開始新的一天，先刷牙，保持口腔清洁。,穿衣服,動詞,可以做不同的搭配,早晨起來，整理衣物，準備一天的工作和活動,0.1602879911661148,1.0,0.0,0.41220159381628035
2,動作_ape_1_fd3949e3,動作,動作_ape_2_ef6d0c83,category_resampled,提示句：早上起床後，開始新的一天，先刷牙，保持口腔清洁。,穿鞋子,動詞,"如果穿錯腳,會覺得不舒服",早晨起床後，穿上鞋子準備外出,0.47411292791366577,1.0,0.0,0.6318790495395661
2,動作_ape_1_fd3949e3,動作,動作_ape_2_ef6d0c83,category_resampled,提示句：早上起床後，開始新的一天，先刷牙，保持口腔清洁。,綁鞋帶,動詞,小朋友通常需要學習怎麼綁,開始整理鞋子，準備迎接新的一天,0.21935299038887024,1.0,0.0,0.45354709327220916
2,動作_ape_1_fd3949e3,動作,動作_ape_2_ef6d0c83,category_resampled,提示句：早上起床後，開始新的一天，先刷牙，保持口腔清洁。,綁頭髮,動詞,需要使用特定的工具來固定,整理好頭髮，準備一天的工作,0.29344671964645386,1.0,0.0,0.5054127037525177
2,動作_ape_1_fd3949e3,動作,動作_ape_2_ef6d0c83,category_resampled,提示句：早上起床後，開始新的一天，先刷牙，保持口腔清洁。,聊天,動詞,在家裡、工作場合、咖啡廳等都很常見,,0.0,0.0,1.0,0.0
2,動作_ape_1_fd3949e3,動作,動作_ape_2_ef6d0c83,category_resampled,提示句：早上起床後，開始新的一天，先刷牙，保持口腔清洁。,量體溫,動詞,需要使用特定的測量工具,,0.0,0.0,1.0,0.0
2,動作_ape_1_fd3949e3,動作,動作_ape_2_ef6d0c83,category_resampled,提示句：早上起床後，開始新的一天，先刷牙，保持口腔清洁。,開門,動詞,"轉動把手,讓進出口變暢通的動作",早晨起來，慢慢推開家門，迎接新一天,0.3988263010978699,1.0,0.0,0.579178410768509
2,動作_ape_1_fd3949e3,動作,動作_ape_2_7846ef34,category_resampled,提示句：早上起床後，開始新的一天，先刷牙，保持口腔潔凈。,上廁所,動詞,會坐/蹲在馬桶上執行動作,,0.0,0.0,1.0,0.0
2,動作_ape_1_fd3949e3,動作,動作_ape_2_7846ef34,category_resampled,提示句：早上起床後，開始新的一天，先刷牙，保持口腔潔凈。,刷牙,動詞,正確的XX方式是由上往下、由內到外,,0.0,0.0,1.0,0.0
2,動作_ape_1_fd3949e3,動作,動作_ape_2_7846ef34,category_resampled,提示句：早上起床後，開始新的一天，先刷牙，保持口腔潔凈。,削水果,動詞,通常使用在蘋果、梨子、棗子等較硬的果皮上,切開水果，準備飲食,0.6484471559524536,1.0,0.0,0.7539130091667174
2,動作_ape_1_fd3949e3,動作,動作_ape_2_7846ef34,category_resampled,提示句：早上起床後，開始新的一天，先刷牙，保持口腔潔凈。,剪指甲,動詞,需要使用專門的小工具,,0.0,0.0,1.0,0.0
2,動作_ape_1_fd3949e3,動作,動作_ape_2_7846ef34,category_resampled,提示句：早上起床後，開始新的一天，先刷牙，保持口腔潔凈。,吃飯,動詞,一天三餐,早晨起來，準備早餐，營養豐富,0.5814749002456665,1.0,0.0,0.7070324301719666
2,動作_ape_1_fd3949e3,動作,動作_ape_2_7846ef34,category_resampled,提示句：早上起床後，開始新的一天，先刷牙，保持口腔潔凈。,咳嗽,動詞,會泡陳皮和柿餅茶來緩解症狀,咳嗚聲響亮，清空呼吸道，預防感冒,0.38813579082489014,1.0,0.0,0.571695053577423
2,動作_ape_1_fd3949e3,動作,動作_ape_2_7846ef34,category_resampled,提示句：早上起床後，開始新的一天，先刷牙，保持口腔潔凈。,喝水,動詞,有些人會加入檸檬等來增加味道,早晨起來，記得喝杯水潤潤喉,0.4108664095401764,1.0,0.0,0.5876064866781234
2,動作_ape_1_fd3949e3,動作,動作_ape_2_7846ef34,category_resampled,提示句：早上起床後，開始新的一天，先刷牙，保持口腔潔凈。,寫字,動詞,學生上課時經常做的事情,開始每天的書面工作，準備筆記本和紙張,0.45932936668395996,1.0,0.0,0.6215305566787719
2,動作_ape_1_fd3949e3,動作,動作_ape_2_7846ef34,category_resampled,提示句：早上起床後，開始新的一天，先刷牙，保持口腔潔凈。,打噴嚏,動詞,生病時會更頻繁發生,早晨起來，打個噴嚏，清潔鼻腔,0.42978477478027344,1.0,0.0,0.6008493423461914
2,動作_ape_1_fd3949e3,動作,動作_ape_2_7846ef34,category_resampled,提示句：早上起床後，開始新的一天，先刷牙，保持口腔潔凈。,拍照,動詞,光線、角度和背景會影響結果,準備拍攝照片時，先整理好相框和鏡頭,0.3530104160308838,1.0,0.0,0.5471072912216186
2,動作_ape_1_fd3949e3,動作,動作_ape_2_7846ef34,category_resampled,提示句：早上起床後，開始新的一天，先刷牙，保持口腔潔凈。,掃地,動詞,"搭配拖地效果更好,讓地板變得更潔淨",開始整理家務，讓室內更乾淨整潔,0.705302357673645,1.0,0.0,0.7937116503715514
2,動作_ape_1_fd3949e3,動作,動作_ape_2_7846ef34,category_resampled,提示句：早上起床後，開始新的一天，先刷牙，保持口腔潔凈。,摺衣服,動詞,有些人會用專門的板子來幫助摺整齊,整理衣物，方便隨時穿著,0.3353491425514221,1.0,0.0,0.5347443997859954
2,動作_ape_1_fd3949e3,動作,動作_ape_2_7846ef34,category_resampled,提示句：早上起床後，開始新的一天，先刷牙，保持口腔潔凈。,擦桌子,動詞,在餐廳、學校、辦公室都很常見,開始整理餐桌，讓環境更乾淨整潔,0.3926885724067688,1.0,0.0,0.5748820006847382
2,動作_ape_1_fd3949e3,動作,動作_ape_2_7846ef34,category_resampled,提示句：早上起床後，開始新的一天，先刷牙，保持口腔潔凈。,擦汗,動詞,用力過大可能會讓皮膚泛紅,早晨起床時，記得擦去臉上的汗水,0.4258292019367218,1.0,0.0,0.5980804413557053
2,動作_ape_1_fd3949e3,動作,動作_ape_2_7846ef34,category_resampled,提示句：早上起床後，開始新的一天，先刷牙，保持口腔潔凈。,擦眼鏡,動詞,太用力可能會導致損壞,早晨起來，檢查並擦拭眼睛鏡片，確保清晰視力,0.013772835023701191,0.9523809523809523,0.0,0.29535527023087654
2,動作_ape_1_fd3949e3,動作,動作_ape_2_7846ef34,category_resampled,提示句：早上起床後，開始新的一天，先刷牙，保持口腔潔凈。,洗澡,動詞,讓身體保持乾淨清新的動作,早晨洗個澡，清爽一整天,0.5659165382385254,1.0,0.0,0.6961415767669678
2,動作_ape_1_fd3949e3,動作,動作_ape_2_7846ef34,category_resampled,提示句：早上起床後，開始新的一天，先刷牙，保持口腔潔凈。,煮飯,動詞,要使用各種食材、廚具和調味料,準備早餐前，先洗米，讓食物更加美味,0.5181517601013184,1.0,0.0,0.6627062320709228
2,動作_ape_1_fd3949e3,動作,動作_ape_2_7846ef34,category_resampled,提示句：早上起床後，開始新的一天，先刷牙，保持口腔潔凈。,睡覺,動詞,"適當的時間內完成這件事,有助於健康",早晨起來，先整理床鋪，準備開始新的一天,0.27445411682128906,1.0,0.0,0.49211788177490234
2,動作_ape_1_fd3949e3,動作,動作_ape_2_7846ef34,category_resampled,提示句：早上起床後，開始新的一天，先刷牙，保持口腔潔凈。,穿衣服,動詞,可以做不同的搭配,早晨起床後，整理床鋪，然後穿上適合的衣服,0.2029643952846527,1.0,0.0,0.4420750766992569
2,動作_ape_1_fd3949e3,動作,動作_ape_2_7846ef34,category_resampled,提示句：早上起床後，開始新的一天，先刷牙，保持口腔潔凈。,穿鞋子,動詞,"如果穿錯腳,會覺得不舒服",早晨起來，穿上鞋子，開始新的一天,0.34842509031295776,1.0,0.0,0.5438975632190703
2,動作_ape_1_fd3949e3,動作,動作_ape_2_7846ef34,category_resampled,提示句：早上起床後，開始新的一天，先刷牙，保持口腔潔凈。,綁鞋帶,動詞,小朋友通常需要學習怎麼綁,早晨起床後，準備好鞋子和鞋帶，順利地將它,0.2281905710697174,1.0,0.0,0.4597333997488022
2,動作_ape_1_fd3949e3,動作,動作_ape_2_7846ef34,category_resampled,提示句：早上起床後，開始新的一天，先刷牙，保持口腔潔凈。,綁頭髮,動詞,需要使用特定的工具來固定,早晨梳洗時，將頭髮束起，方便整理和出行,0.280269980430603,1.0,0.0,0.4961889863014221
2,動作_ape_1_fd3949e3,動作,動作_ape_2_7846ef34,category_resampled,提示句：早上起床後，開始新的一天，先刷牙，保持口腔潔凈。,聊天,動詞,在家裡、工作場合、咖啡廳等都很常見,與家人朋友分享你的感受和想法，增進溝通,0.18497911095619202,1.0,0.0,0.42948537766933437
2,動作_ape_1_fd3949e3,動作,動作_ape_2_7846ef34,category_resampled,提示句：早上起床後，開始新的一天，先刷牙，保持口腔潔凈。,量體溫,動詞,需要使用特定的測量工具,,0.0,0.0,1.0,0.0
2,動作_ape_1_fd3949e3,動作,動作_ape_2_7846ef34,category_resampled,提示句：早上起床後，開始新的一天，先刷牙，保持口腔潔凈。,開門,動詞,"轉動把手,讓進出口變暢通的動作",,0.0,0.0,1.0,0.0
2,動物_ape_1_b50c4129,動物,動物_ape_2_13b96937,category_resampled,描述外觀（如毛、耳朵、尾巴）。,牛,名詞,可做成肉乾食用,"有時默默工作,有時群聚吃草,在田間地",0.32832416892051697,1.0,0.0,0.5298269182443618
2,動物_ape_1_b50c4129,動物,動物_ape_2_13b96937,category_resampled,描述外觀（如毛、耳朵、尾巴）。,狗,名詞,很多人家裡會養的動物,汪汪叫，跑來跑去，喜歡在戶外活動,0.2754319906234741,1.0,0.0,0.49280239343643184
2,動物_ape_1_b50c4129,動物,動物_ape_2_13b96937,category_resampled,描述外觀（如毛、耳朵、尾巴）。,豬,名詞,可做成肉乾食用,"有時很重,有時喜歡拱著背,常在農田",0.41416510939598083,1.0,0.0,0.5899155765771866
2,動物_ape_1_b50c4129,動物,動物_ape_2_13b96937,category_resampled,描述外觀（如毛、耳朵、尾巴）。,貓,名詞,"有時很黏人,有時愛獨處,個性多變","有時很黏人,有時愛獨處,個性多變",1.0,1.0,0.0,1.0
2,動物_ape_1_b50c4129,動物,動物_ape_2_13b96937,category_resampled,描述外觀（如毛、耳朵、尾巴）。,雞,名詞,"吃穀物、蟲子,有時候也會啄地上的食物",,0.0,0.0,1.0,0.0
2,動物_ape_1_b50c4129,動物,動物_ape_2_610d7833,category_resampled,描述叫聲（如狗叫、貓咪叫）。,牛,名詞,可做成肉乾食用,哞哞~,0.4189162850379944,0.75,0.0,0.518241399526596
2,動物_ape_1_b50c4129,動物,動物_ape_2_610d7833,category_resampled,描述叫聲（如狗叫、貓咪叫）。,狗,名詞,很多人家裡會養的動物,汪汪叫，跑來跑去，喜歡和家人玩,0.3602496385574341,1.0,0.0,0.5521747469902039
2,動物_ape_1_b50c4129,動物,動物_ape_2_610d7833,category_resampled,描述叫聲（如狗叫、貓咪叫）。,豬,名詞,可做成肉乾食用,"有時很笨重,有時又很機靈,喜歡在農",0.4542589783668518,1.0,0.0,0.6179812848567963
2,動物_ape_1_b50c4129,動物,動物_ape_2_610d7833,category_resampled,描述叫聲（如狗叫、貓咪叫）。,貓,名詞,"有時很黏人,有時愛獨處,個性多變",喵~ 狂歡時響亮，平日輕柔呼�,0.2524612247943878,1.0,0.0,0.47672285735607145
2,動物_ape_1_b50c4129,動物,動物_ape_2_610d7833,category_resampled,描述叫聲（如狗叫、貓咪叫）。,雞,名詞,"吃穀物、蟲子,有時候也會啄地上的食物","鵝灰色的羽毛, 每天清晨鳴叫四",0.2535361051559448,1.0,0.0,0.47747527360916137
2,喝_ape_1_1ba2a804,喝,喝_ape_2_70d5ed0b,category_resampled,請生成一句提示句，其中包含目標詞彙「柑橘類水果」，但不得直接說出「柑橘類水果」。,珍珠奶茶,名詞,自備飲料杯-5元,,0.0,0.0,1.0,0.0
2,喝_ape_1_1ba2a804,喝,喝_ape_2_70d5ed0b,category_resampled,請生成一句提示句，其中包含目標詞彙「柑橘類水果」，但不得直接說出「柑橘類水果」。,紅茶,名詞,飲料店有在賣,,0.0,0.0,1.0,0.0
2,喝_ape_1_1ba2a804,喝,喝_ape_2_70d5ed0b,category_resampled,請生成一句提示句，其中包含目標詞彙「柑橘類水果」，但不得直接說出「柑橘類水果」。,豆漿,名詞,可以加糖更好喝,豆浆和牛奶哪种更健康,0.5320245027542114,1.0,0.0,0.672417151927948
2,喝_ape_1_1ba2a804,喝,喝_ape_2_b805d5b0,category_resampled,請生成一句提示句，其中包含目標詞彙「紫薯」，但不得直接說出「紫薯」。,珍珠奶茶,名詞,自備飲料杯-5元,,0.0,0.0,1.0,0.0
2,喝_ape_1_1ba2a804,喝,喝_ape_2_b805d5b0,category_resampled,請生成一句提示句，其中包含目標詞彙「紫薯」，但不得直接說出「紫薯」。,紅茶,名詞,飲料店有在賣,,0.0,0.0,1.0,0.0
2,喝_ape_1_1ba2a804,喝,喝_ape_2_b805d5b0,category_resampled,請生成一句提示句，其中包含目標詞彙「紫薯」，但不得直接說出「紫薯」。,豆漿,名詞,可以加糖更好喝,,0.0,0.0,1.0,0.0
2,娛樂場所_ape_1_42e5edbc,娛樂場所,娛樂場所_ape_2_5f11db38,category_resampled,描述一種水果在自然環境中的生長過程。,公園,名詞,適合散步、慢跑的區域,,0.0,0.0,1.0,0.0
2,娛樂場所_ape_1_42e5edbc,娛樂場所,娛樂場所_ape_2_5f11db38,category_resampled,描述一種水果在自然環境中的生長過程。,電影院,名詞,放映前會播預告片,,0.0,0.0,1.0,0.0
2,學校_ape_1_0cbec27c,學校,學校_ape_2_4f193443,category_resampled,為失語症患者生成一句具體、生活化且容易聯想到答案的語意提示句，請勿直接說出目標詞。,圖書館,名詞,有電腦可以查詢館藏資料,,0.0,0.0,1.0,0.0
2,家具_ape_1_cdf6dffd,家具,家具_ape_2_bdcdfec1,category_resampled,描述一種水果的種類，並說明其在夏天的適宜用途。,床,名詞,"有收納空間,底下可以放東西",,0.0,0.0,1.0,0.0
2,家具_ape_1_cdf6dffd,家具,家具_ape_2_bdcdfec1,category_resampled,描述一種水果的種類，並說明其在夏天的適宜用途。,桌子,名詞,吃飯時大家會圍著它坐下來,,0.0,0.0,1.0,0.0
2,家具_ape_1_cdf6dffd,家具,家具_ape_2_bdcdfec1,category_resampled,描述一種水果的種類，並說明其在夏天的適宜用途。,衣櫃,名詞,有木製、塑膠、金屬等材質,描述一件高齡者常見的家具，強調其使用頻率,0.37688130140304565,1.0,0.0,0.5638169109821319
2,家具_ape_1_cdf6dffd,家具,家具_ape_2_bdcdfec1,category_resampled,描述一種水果的種類，並說明其在夏天的適宜用途。,鏡子,名詞,"用久會變髒,需要擦拭才能更清晰",,0.0,0.0,1.0,0.0
2,廚房用品_ape_1_6ac8e056,廚房用品,廚房用品_ape_2_25bd1115,category_resampled,描述一個水果的顏色和形狀。,砧板,名詞,"表面平整,不會卡住食材或殘渣",,0.0,0.0,1.0,0.0
2,廚房用品_ape_1_6ac8e056,廚房用品,廚房用品_ape_2_25bd1115,category_resampled,描述一個水果的顏色和形狀。,菜刀,名詞,有中式、西式、切水果等種類,,0.0,0.0,1.0,0.0
2,廚房用品_ape_1_6ac8e056,廚房用品,廚房用品_ape_2_25bd1115,category_resampled,描述一個水果的顏色和形狀。,鍋子,名詞,料理方式不同也需不同種類,,0.0,0.0,1.0,0.0
2,文具_ape_1_b2080979,文具,文具_ape_2_b6de7e36,category_resampled,生成一個簡單明了的失語症治療提示句，讓患者容易記住和應用。,原子筆,名詞,按一下或轉一下可推出筆芯,"透過彈性設計, 提供快速書寫體驗",0.49439120292663574,1.0,0.0,0.6460738420486449
2,文具_ape_1_b2080979,文具,文具_ape_2_6bda8a34,category_resampled,用自然語言描述失語症治療的方法。,原子筆,名詞,按一下或轉一下可推出筆芯,使用輕巧易握的設計，讓您在閱讀和書寫時,0.5483748912811279,1.0,0.0,0.6838624238967895
2,文具_ape_1_b2080979,文具,文具_ape_2_4892d0e3,category_resampled,生成一個生活化的、具體的失語症治療提示句，讓患者能夠快速理解。,原子筆,名詞,按一下或轉一下可推出筆芯,"透過輕巧握把,體驗快速書寫樂趣",0.5684540271759033,1.0,0.0,0.6979178190231323
2,水果_ape_1_ba664d45,水果,水果_ape_2_abe0cb75,category_resampled,提供一種方法，讓失語症患者能夠生成具體的水果描述。,芒果,名詞,帶有濃郁的甜香氣味,帶有鮮艷黃色皮膚，圓潤飽滿的,0.4969775676727295,1.0,0.0,0.6478842973709107
2,水果_ape_1_ba664d45,水果,水果_ape_2_abe0cb75,category_resampled,提供一種方法，讓失語症患者能夠生成具體的水果描述。,草莓,名詞,有綠色的蒂頭,帶有鮮艷紅色的圓形果實，表面光滑，,0.36565569043159485,1.0,0.0,0.5559589833021163
2,水果_ape_1_ba664d45,水果,水果_ape_2_abe0cb75,category_resampled,提供一種方法，讓失語症患者能夠生成具體的水果描述。,葡萄,名詞,它的籽可以榨成油,帶有深紫色外皮，圓形且略扁，常成串,0.24405810236930847,1.0,0.0,0.4708406716585159
2,水果_ape_1_ba664d45,水果,水果_ape_2_abe0cb75,category_resampled,提供一種方法，讓失語症患者能夠生成具體的水果描述。,蘋果,名詞,可能會打蠟,它可能纏繞著綠色的藤蔓，長得像一個,0.33908048272132874,1.0,0.0,0.5373563379049301
2,水果_ape_1_ba664d45,水果,水果_ape_2_abe0cb75,category_resampled,提供一種方法，讓失語症患者能夠生成具體的水果描述。,香蕉,名詞,台灣的旗山種很多,帶有黃色外皮和綠色果肉的長條形水果,0.2126975953578949,1.0,0.0,0.44888831675052643
2,水果_ape_1_ba664d45,水果,水果_ape_2_abe0cb75,category_resampled,提供一種方法，讓失語症患者能夠生成具體的水果描述。,鳳梨,名詞,切開後有特殊香氣,帶有清新的果香和多汁的口感,0.611160159111023,1.0,0.0,0.7278121113777161
2,水果_ape_1_ba664d45,水果,水果_ape_2_708436b9,category_resampled,指導失語症患者，以水果的特定特徵來構建詳細的提示句。,芒果,名詞,帶有濃郁的甜香氣味,帶有鮮艷黃色外皮和橙色果肉,0.5828904509544373,1.0,0.0,0.7080233156681061
2,水果_ape_1_ba664d45,水果,水果_ape_2_708436b9,category_resampled,指導失語症患者，以水果的特定特徵來構建詳細的提示句。,草莓,名詞,有綠色的蒂頭,鮮艷的紅色，圓潤的形狀，多汁的,0.44132357835769653,1.0,0.0,0.6089265048503876
2,水果_ape_1_ba664d45,水果,水果_ape_2_708436b9,category_resampled,指導失語症患者，以水果的特定特徵來構建詳細的提示句。,葡萄,名詞,它的籽可以榨成油,它的皮薄而脆，內部多汁且酸甜可口,0.45743879675865173,1.0,0.0,0.6202071577310562
2,水果_ape_1_ba664d45,水果,水果_ape_2_708436b9,category_resampled,指導失語症患者，以水果的特定特徵來構建詳細的提示句。,蘋果,名詞,可能會打蠟,它可能被切成小片或做成沙拉的一部分,0.4097970128059387,1.0,0.0,0.586857908964157
2,水果_ape_1_ba664d45,水果,水果_ape_2_708436b9,category_resampled,指導失語症患者，以水果的特定特徵來構建詳細的提示句。,香蕉,名詞,台灣的旗山種很多,皮膚光滑，黃色外觀，長條形，略帶,0.07389602065086365,1.0,0.0,0.3517272144556045
2,水果_ape_1_ba664d45,水果,水果_ape_2_708436b9,category_resampled,指導失語症患者，以水果的特定特徵來構建詳細的提示句。,鳳梨,名詞,切開後有特殊香氣,帶有鮮艷紅色外皮和多顆小果實,0.5251922607421875,1.0,0.0,0.6676345825195312
2,調味_ape_1_f96cf70b,調味,調味_ape_2_4e7b6cfa,category_resampled,**生成一個以「水果」作為主要特徵的提示句**。,糖,名詞,吃太多對胰臟不好,透過甜味和營養價值，成為餐桌上不可或缺的伴侶,0.28824204206466675,0.9090909090909091,0.0,0.4744967021725394
2,調味_ape_1_f96cf70b,調味,調味_ape_2_4e7b6cfa,category_resampled,**生成一個以「水果」作為主要特徵的提示句**。,鹽,名詞,在古代是非常珍貴的物品,,0.0,0.0,1.0,0.0
2,調味_ape_1_f96cf70b,調味,調味_ape_2_2bee96b9,category_resampled,**生成一個以「蔬菜」作為主要特徵的提示句**。,糖,名詞,吃太多對胰臟不好,甜味的粉末，添加到食物中增加味道和營養,0.38745051622390747,1.0,0.0,0.5712153613567352
2,調味_ape_1_f96cf70b,調味,調味_ape_2_2bee96b9,category_resampled,**生成一個以「蔬菜」作為主要特徵的提示句**。,鹽,名詞,在古代是非常珍貴的物品,"透過電力驅動,行駛於專用軌道",0.10460703074932098,1.0,0.0,0.3732249215245247
2,輔具_ape_1_4f6599a0,輔具,輔具_ape_2_93f464b7,category_resampled,如何為失語症患者生成一句簡單明確的提示，描述一種水果？,假牙,名詞,剛戴上時可能會有異物感,如何為高齡者提供方便，防止牙齒移位,0.22064757347106934,1.0,0.0,0.4544533014297485
2,輔具_ape_1_4f6599a0,輔具,輔具_ape_2_93f464b7,category_resampled,如何為失語症患者生成一句簡單明確的提示，描述一種水果？,助聽器,名詞,需要定期更換電池或充電,,0.0,0.0,1.0,0.0
2,輔具_ape_1_4f6599a0,輔具,輔具_ape_2_93f464b7,category_resampled,如何為失語症患者生成一句簡單明確的提示，描述一種水果？,拐杖,名詞,有標準型、四腳型或摺疊款式,如何為高齡人士提供安全可靠的代步工具,0.25067970156669617,1.0,0.0,0.4754757910966873
2,輔具_ape_1_4f6599a0,輔具,輔具_ape_2_93f464b7,category_resampled,如何為失語症患者生成一句簡單明確的提示，描述一種水果？,藥盒,名詞,有些時間到會發出聲音或震動,,0.0,0.0,1.0,0.0
2,輔具_ape_1_4f6599a0,輔具,輔具_ape_2_93f464b7,category_resampled,如何為失語症患者生成一句簡單明確的提示，描述一種水果？,護膝,名詞,適合冬天或關節炎患者使用,,0.0,0.0,1.0,0.0
2,輔具_ape_1_4f6599a0,輔具,輔具_ape_2_93f464b7,category_resampled,如何為失語症患者生成一句簡單明確的提示，描述一種水果？,輪椅,名詞,"某些款式可折疊,方便攜帶或存放",,0.0,0.0,1.0,0.0
2,輔具_ape_1_4f6599a0,輔具,輔具_ape_2_3c344191,category_resampled,如何為失語症患者生成一句簡單明確的提示，描述一種蔬菜？,假牙,名詞,剛戴上時可能會有異物感,,0.0,0.0,1.0,0.0
2,輔具_ape_1_4f6599a0,輔具,輔具_ape_2_3c344191,category_resampled,如何為失語症患者生成一句簡單明確的提示，描述一種蔬菜？,助聽器,名詞,需要定期更換電池或充電,,0.0,0.0,1.0,0.0
2,輔具_ape_1_4f6599a0,輔具,輔具_ape_2_3c344191,category_resampled,如何為失語症患者生成一句簡單明確的提示，描述一種蔬菜？,拐杖,名詞,有標準型、四腳型或摺疊款式,如何為高齡人士提供安全可靠的代步工具,0.25067970156669617,1.0,0.0,0.4754757910966873
2,輔具_ape_1_4f6599a0,輔具,輔具_ape_2_3c344191,category_resampled,如何為失語症患者生成一句簡單明確的提示，描述一種蔬菜？,藥盒,名詞,有些時間到會發出聲音或震動,,0.0,0.0,1.0,0.0
2,輔具_ape_1_4f6599a0,輔具,輔具_ape_2_3c344191,category_resampled,如何為失語症患者生成一句簡單明確的提示，描述一種蔬菜？,護膝,名詞,適合冬天或關節炎患者使用,適合長時間活動，提供足夠支撐和保護,0.41692185401916504,1.0,0.0,0.5918452978134154
2,輔具_ape_1_4f6599a0,輔具,輔具_ape_2_3c344191,category_resampled,如何為失語症患者生成一句簡單明確的提示，描述一種蔬菜？,輪椅,名詞,"某些款式可折疊,方便攜帶或存放",如何讓高齡人士在家中自行調整座椅高度,0.3516981601715088,1.0,0.0,0.5461887121200562
2,運動場所_ape_1_84b3993d,運動場所,運動場所_ape_2_6eb0e163,category_resampled,創建一個包含「失語症治療提示句」的短句。,操場,名詞,"有些設有夜間照明,方便晚間運動",,0.0,0.0,1.0,0.0
2,運動場所_ape_1_84b3993d,運動場所,運動場所_ape_2_6eb0e163,category_resampled,創建一個包含「失語症治療提示句」的短句。,游泳池,名詞,比賽泳道通常是 50 公尺長,在陽光下嬉戲，水花四溢的歡樂泳池,0.423949658870697,1.0,0.0,0.596764761209488
2,醫療場所_ape_1_32fb0e73,醫療場所,醫療場所_ape_2_b433921d,category_resampled,為失語症患者生成簡短、具體、容易聯想到答案的語意提示句。,藥局,名詞,有些會提供血壓量測和領取口罩等服務,,0.0,0.0,1.0,0.0
2,醫療場所_ape_1_32fb0e73,醫療場所,醫療場所_ape_2_b433921d,category_resampled,為失語症患者生成簡短、具體、容易聯想到答案的語意提示句。,醫院,名詞,設有內科、外科、婦產科、小兒科等不同科別,在忙碌的一天後，找個地方休息和療癒，去,0.12456988543272018,1.0,0.0,0.3871989198029041
2,金融機構_ape_1_28df5e18,金融機構,金融機構_ape_2_6179ca4a,category_resampled,為失語症患者生成一句具體、簡單、容易聯想到答案的語意提示句，不要直接說出「為失語症患者」，只描述過程和方法。,郵局,名詞,有些人會來這裡繳水電費或其他帳單,"透過電力驅動,行駛於城市中心商業區附近",0.3293221592903137,1.0,0.0,0.5305255115032196
2,餐具_ape_1_603bc589,餐具,餐具_ape_2_21c10035,category_resampled,描述一個特定目標詞彙，但不直接說出目標詞。,叉子,名詞,兒童款的XX會比較圓潤,描述一個特定目標詞彙，但不直接說出目標詞,0.04723089560866356,1.0,0.0,0.33306162692606445
2,餐具_ape_1_603bc589,餐具,餐具_ape_2_21c10035,category_resampled,描述一個特定目標詞彙，但不直接說出目標詞。,湯匙,名詞,"嬰兒用的特別小,邊緣圓滑,方便餵食","嬰兒用的XX會比較圓潤,邊緣平滑,方便",0.7735872864723206,1.0,0.0,0.8415111005306244
2,餐具_ape_1_603bc589,餐具,餐具_ape_2_21c10035,category_resampled,描述一個特定目標詞彙，但不直接說出目標詞。,碗,名詞,可以是陶瓷、不鏽鋼、塑膠或木頭材質製成的,描述一個特定目標詞彙，但不直接說出目標詞,0.12217014282941818,1.0,0.0,0.3855190999805927
2,餐具_ape_1_603bc589,餐具,餐具_ape_2_165c39f8,category_resampled,說明如何使用簡單具體的形容詞來描述目標詞彙。,叉子,名詞,兒童款的XX會比較圓潤,,0.0,0.0,1.0,0.0
2,餐具_ape_1_603bc589,餐具,餐具_ape_2_165c39f8,category_resampled,說明如何使用簡單具體的形容詞來描述目標詞彙。,湯匙,名詞,"嬰兒用的特別小,邊緣圓滑,方便餵食",,0.0,0.0,1.0,0.0
2,餐具_ape_1_603bc589,餐具,餐具_ape_2_165c39f8,category_resampled,說明如何使用簡單具體的形容詞來描述目標詞彙。,碗,名詞,可以是陶瓷、不鏽鋼、塑膠或木頭材質製成的,,0.0,0.0,1.0,0.0
3,動作_ape_2_b7c80da6,動作,動作_ape_3_6319ea44,category_resampled,"制作失語症治療提示句，以""早晨起床""作為起始，描述每天生活的開始。",上廁所,動詞,會坐/蹲在馬桶上執行動作,在需要時前往衛生間，保持乾淨整洁,0.5114827156066895,1.0,0.0,0.6580379009246826
3,動作_ape_2_b7c80da6,動作,動作_ape_3_6319ea44,category_resampled,"制作失語症治療提示句，以""早晨起床""作為起始，描述每天生活的開始。",刷牙,動詞,正確的XX方式是由上往下、由內到外,,0.0,0.0,1.0,0.0
3,動作_ape_2_b7c80da6,動作,動作_ape_3_6319ea44,category_resampled,"制作失語症治療提示句，以""早晨起床""作為起始，描述每天生活的開始。",削水果,動詞,通常使用在蘋果、梨子、棗子等較硬的果皮上,早晨起床後，切一小塊水果當早餐,0.5204545259475708,1.0,0.0,0.6643181681632995
3,動作_ape_2_b7c80da6,動作,動作_ape_3_6319ea44,category_resampled,"制作失語症治療提示句，以""早晨起床""作為起始，描述每天生活的開始。",剪指甲,動詞,需要使用專門的小工具,早上起床後，記得檢查手上的指甲是否需要修剪,0.3958507776260376,0.9523809523809523,0.0,0.562809830052512
3,動作_ape_2_b7c80da6,動作,動作_ape_3_6319ea44,category_resampled,"制作失語症治療提示句，以""早晨起床""作為起始，描述每天生活的開始。",吃飯,動詞,一天三餐,早晨起床後，第一件事就是吃早餐,0.4318976104259491,1.0,0.0,0.6023283272981643
3,動作_ape_2_b7c80da6,動作,動作_ape_3_6319ea44,category_resampled,"制作失語症治療提示句，以""早晨起床""作為起始，描述每天生活的開始。",咳嗽,動詞,會泡陳皮和柿餅茶來緩解症狀,咳嗚聲從喉嚨中發出，似乎在提醒著,0.34321773052215576,1.0,0.0,0.5402524113655089
3,動作_ape_2_b7c80da6,動作,動作_ape_3_6319ea44,category_resampled,"制作失語症治療提示句，以""早晨起床""作為起始，描述每天生活的開始。",喝水,動詞,有些人會加入檸檬等來增加味道,,0.0,0.0,1.0,0.0
3,動作_ape_2_b7c80da6,動作,動作_ape_3_6319ea44,category_resampled,"制作失語症治療提示句，以""早晨起床""作為起始，描述每天生活的開始。",寫字,動詞,學生上課時經常做的事情,清晨拿起筆記本，開始記錄今天的想法和計劃,0.3526664972305298,1.0,0.0,0.5468665480613708
3,動作_ape_2_b7c80da6,動作,動作_ape_3_6319ea44,category_resampled,"制作失語症治療提示句，以""早晨起床""作為起始，描述每天生活的開始。",打噴嚏,動詞,生病時會更頻繁發生,早上起床後，打個噴嚏，讓清新的空氣打開,0.4401353597640991,1.0,0.0,0.6080947518348694
3,動作_ape_2_b7c80da6,動作,動作_ape_3_6319ea44,category_resampled,"制作失語症治療提示句，以""早晨起床""作為起始，描述每天生活的開始。",拍照,動詞,光線、角度和背景會影響結果,早上起床後，拿起相機捕捉美好第一刻,0.29081934690475464,1.0,0.0,0.5035735428333282
3,動作_ape_2_b7c80da6,動作,動作_ape_3_6319ea44,category_resampled,"制作失語症治療提示句，以""早晨起床""作為起始，描述每天生活的開始。",掃地,動詞,"搭配拖地效果更好,讓地板變得更潔淨",早上起床後，拿起掃帚開始清潔地板,0.6151149868965149,1.0,0.0,0.7305804908275604
3,動作_ape_2_b7c80da6,動作,動作_ape_3_6319ea44,category_resampled,"制作失語症治療提示句，以""早晨起床""作為起始，描述每天生活的開始。",摺衣服,動詞,有些人會用專門的板子來幫助摺整齊,整理衣物，準備一天的工作,0.3920857906341553,1.0,0.0,0.5744600534439086
3,動作_ape_2_b7c80da6,動作,動作_ape_3_6319ea44,category_resampled,"制作失語症治療提示句，以""早晨起床""作為起始，描述每天生活的開始。",擦桌子,動詞,在餐廳、學校、辦公室都很常見,清晨起床後，整理桌面，讓家更加乾淨整潔,0.3122469186782837,1.0,0.0,0.5185728430747986
3,動作_ape_2_b7c80da6,動作,動作_ape_3_6319ea44,category_resampled,"制作失語症治療提示句，以""早晨起床""作為起始，描述每天生活的開始。",擦汗,動詞,用力過大可能會讓皮膚泛紅,早上起床後，習慣性地擦拭額頭上的汗水,0.4221987724304199,1.0,0.0,0.595539140701294
3,動作_ape_2_b7c80da6,動作,動作_ape_3_6319ea44,category_resampled,"制作失語症治療提示句，以""早晨起床""作為起始，描述每天生活的開始。",擦眼鏡,動詞,太用力可能會導致損壞,早晨起床後，整理桌面，準備閱讀新聞或冥想,0.03830341994762421,1.0,0.0,0.32681239396333694
3,動作_ape_2_b7c80da6,動作,動作_ape_3_6319ea44,category_resampled,"制作失語症治療提示句，以""早晨起床""作為起始，描述每天生活的開始。",洗澡,動詞,讓身體保持乾淨清新的動作,早上洗個澡，感覺好清爽,0.5543086528778076,1.0,0.0,0.6880160570144653
3,動作_ape_2_b7c80da6,動作,動作_ape_3_6319ea44,category_resampled,"制作失語症治療提示句，以""早晨起床""作為起始，描述每天生活的開始。",煮飯,動詞,要使用各種食材、廚具和調味料,早上起床後，準備早餐是最基本的一天開頭,0.27807939052581787,1.0,0.0,0.4946555733680725
3,動作_ape_2_b7c80da6,動作,動作_ape_3_6319ea44,category_resampled,"制作失語症治療提示句，以""早晨起床""作為起始，描述每天生活的開始。",睡覺,動詞,"適當的時間內完成這件事,有助於健康",早上起來後，第一件事情就是,0.2273014932870865,1.0,0.0,0.45911104530096053
3,動作_ape_2_b7c80da6,動作,動作_ape_3_6319ea44,category_resampled,"制作失語症治療提示句，以""早晨起床""作為起始，描述每天生活的開始。",穿衣服,動詞,可以做不同的搭配,早晨起床後，整理衣櫃準備一天的工作,0.17647045850753784,1.0,0.0,0.42352932095527646
3,動作_ape_2_b7c80da6,動作,動作_ape_3_6319ea44,category_resampled,"制作失語症治療提示句，以""早晨起床""作為起始，描述每天生活的開始。",穿鞋子,動詞,"如果穿錯腳,會覺得不舒服",早晨起床後，穿上鞋子準備出門,0.46750351786613464,1.0,0.0,0.6272524625062943
3,動作_ape_2_b7c80da6,動作,動作_ape_3_6319ea44,category_resampled,"制作失語症治療提示句，以""早晨起床""作為起始，描述每天生活的開始。",綁鞋帶,動詞,小朋友通常需要學習怎麼綁,早晨起床後，綁好鞋子準備出去活動,0.21761302649974823,1.0,0.0,0.4523291185498237
3,動作_ape_2_b7c80da6,動作,動作_ape_3_6319ea44,category_resampled,"制作失語症治療提示句，以""早晨起床""作為起始，描述每天生活的開始。",綁頭髮,動詞,需要使用特定的工具來固定,早晨起床後，整理儀容，確保整潔,0.2886679172515869,1.0,0.0,0.5020675420761108
3,動作_ape_2_b7c80da6,動作,動作_ape_3_6319ea44,category_resampled,"制作失語症治療提示句，以""早晨起床""作為起始，描述每天生活的開始。",聊天,動詞,在家裡、工作場合、咖啡廳等都很常見,早晨起床後，準備與家人朋友聊一聊新鮮事,0.28883862495422363,1.0,0.0,0.5021870374679565
3,動作_ape_2_b7c80da6,動作,動作_ape_3_6319ea44,category_resampled,"制作失語症治療提示句，以""早晨起床""作為起始，描述每天生活的開始。",量體溫,動詞,需要使用特定的測量工具,,0.0,0.0,1.0,0.0
3,動作_ape_2_b7c80da6,動作,動作_ape_3_6319ea44,category_resampled,"制作失語症治療提示句，以""早晨起床""作為起始，描述每天生活的開始。",開門,動詞,"轉動把手,讓進出口變暢通的動作",,0.0,0.0,1.0,0.0
3,動作_ape_2_b7c80da6,動作,動作_ape_3_d4fc740c,category_resampled,"適用於失語症治療提示，以""早上起床""作為起始，描述一天生活的開始。",上廁所,動詞,會坐/蹲在馬桶上執行動作,"在需要時及時前往,確保衛生和隱私",0.24924735724925995,1.0,0.0,0.47447315007448193
3,動作_ape_2_b7c80da6,動作,動作_ape_3_d4fc740c,category_resampled,"適用於失語症治療提示，以""早上起床""作為起始，描述一天生活的開始。",刷牙,動詞,正確的XX方式是由上往下、由內到外,,0.0,0.0,1.0,0.0
3,動作_ape_2_b7c80da6,動作,動作_ape_3_d4fc740c,category_resampled,"適用於失語症治療提示，以""早上起床""作為起始，描述一天生活的開始。",削水果,動詞,通常使用在蘋果、梨子、棗子等較硬的果皮上,早晨起床後，順利地將水果削好準備食用,0.5206933617591858,1.0,0.0,0.6644853532314301
3,動作_ape_2_b7c80da6,動作,動作_ape_3_d4fc740c,category_resampled,"適用於失語症治療提示，以""早上起床""作為起始，描述一天生活的開始。",剪指甲,動詞,需要使用專門的小工具,每天早晨，記得檢查手腳，保持乾淨,0.3247950077056885,1.0,0.0,0.5273565053939819
3,動作_ape_2_b7c80da6,動作,動作_ape_3_d4fc740c,category_resampled,"適用於失語症治療提示，以""早上起床""作為起始，描述一天生活的開始。",吃飯,動詞,一天三餐,早晨起來後，第一件事就是,0.2561536133289337,1.0,0.0,0.47930752933025356
3,動作_ape_2_b7c80da6,動作,動作_ape_3_d4fc740c,category_resampled,"適用於失語症治療提示，以""早上起床""作為起始，描述一天生活的開始。",咳嗽,動詞,會泡陳皮和柿餅茶來緩解症狀,早晨起床後，深呼吸幾次，緩解喉嚨乾燥,0.3885691165924072,1.0,0.0,0.571998381614685
3,動作_ape_2_b7c80da6,動作,動作_ape_3_d4fc740c,category_resampled,"適用於失語症治療提示，以""早上起床""作為起始，描述一天生活的開始。",喝水,動詞,有些人會加入檸檬等來增加味道,早晨起來後，順利地喝一杯水，讓自己清醒開心,0.32687732577323914,0.9523809523809523,0.0,0.514528413755553
3,動作_ape_2_b7c80da6,動作,動作_ape_3_d4fc740c,category_resampled,"適用於失語症治療提示，以""早上起床""作為起始，描述一天生活的開始。",寫字,動詞,學生上課時經常做的事情,,0.0,0.0,1.0,0.0
3,動作_ape_2_b7c80da6,動作,動作_ape_3_d4fc740c,category_resampled,"適用於失語症治療提示，以""早上起床""作為起始，描述一天生活的開始。",打噴嚏,動詞,生病時會更頻繁發生,早晨起來，打個噴嚏，清潔鼻腔,0.42978477478027344,1.0,0.0,0.6008493423461914
3,動作_ape_2_b7c80da6,動作,動作_ape_3_d4fc740c,category_resampled,"適用於失語症治療提示，以""早上起床""作為起始，描述一天生活的開始。",拍照,動詞,光線、角度和背景會影響結果,,0.0,0.0,1.0,0.0
3,動作_ape_2_b7c80da6,動作,動作_ape_3_d4fc740c,category_resampled,"適用於失語症治療提示，以""早上起床""作為起始，描述一天生活的開始。",掃地,動詞,"搭配拖地效果更好,讓地板變得更潔淨",早上起床後，拿起掃帚開始清潔地板,0.6151149868965149,1.0,0.0,0.7305804908275604
3,動作_ape_2_b7c80da6,動作,動作_ape_3_d4fc740c,category_resampled,"適用於失語症治療提示，以""早上起床""作為起始，描述一天生活的開始。",摺衣服,動詞,有些人會用專門的板子來幫助摺整齊,早晨起床後，整理衣物，準備一天的工作和活動,0.29586511850357056,0.9523809523809523,0.0,0.49281986866678507
3,動作_ape_2_b7c80da6,動作,動作_ape_3_d4fc740c,category_resampled,"適用於失語症治療提示，以""早上起床""作為起始，描述一天生活的開始。",擦桌子,動詞,在餐廳、學校、辦公室都很常見,,0.0,0.0,1.0,0.0
3,動作_ape_2_b7c80da6,動作,動作_ape_3_d4fc740c,category_resampled,"適用於失語症治療提示，以""早上起床""作為起始，描述一天生活的開始。",擦汗,動詞,用力過大可能會讓皮膚泛紅,早晨起來，第一件事情就是擦去臉上的汗水,0.3927619159221649,1.0,0.0,0.5749333411455154
3,動作_ape_2_b7c80da6,動作,動作_ape_3_d4fc740c,category_resampled,"適用於失語症治療提示，以""早上起床""作為起始，描述一天生活的開始。",擦眼鏡,動詞,太用力可能會導致損壞,早晨起床後，記得檢查並擦拭眼鏡，確保清晰閱讀,0.0016199136152863503,0.9090909090909091,0.0,0.27386121225797316
3,動作_ape_2_b7c80da6,動作,動作_ape_3_d4fc740c,category_resampled,"適用於失語症治療提示，以""早上起床""作為起始，描述一天生活的開始。",洗澡,動詞,讓身體保持乾淨清新的動作,早晨洗個澡，清爽一整天,0.5659165382385254,1.0,0.0,0.6961415767669678
3,動作_ape_2_b7c80da6,動作,動作_ape_3_d4fc740c,category_resampled,"適用於失語症治療提示，以""早上起床""作為起始，描述一天生活的開始。",煮飯,動詞,要使用各種食材、廚具和調味料,早晨起來後，準備早餐，讓自己充滿活力,0.3001001477241516,1.0,0.0,0.5100701034069062
3,動作_ape_2_b7c80da6,動作,動作_ape_3_d4fc740c,category_resampled,"適用於失語症治療提示，以""早上起床""作為起始，描述一天生活的開始。",睡覺,動詞,"適當的時間內完成這件事,有助於健康",早上起床後，第一件事就是,0.22874468564987183,1.0,0.0,0.46012127995491026
3,動作_ape_2_b7c80da6,動作,動作_ape_3_d4fc740c,category_resampled,"適用於失語症治療提示，以""早上起床""作為起始，描述一天生活的開始。",穿衣服,動詞,可以做不同的搭配,早晨起床後，整理衣櫃準備新的一天,0.18032802641391754,1.0,0.0,0.4262296184897423
3,動作_ape_2_b7c80da6,動作,動作_ape_3_d4fc740c,category_resampled,"適用於失語症治療提示，以""早上起床""作為起始，描述一天生活的開始。",穿鞋子,動詞,"如果穿錯腳,會覺得不舒服",早晨起來後，穿上鞋子準備出去散步,0.44919806718826294,1.0,0.0,0.614438647031784
3,動作_ape_2_b7c80da6,動作,動作_ape_3_d4fc740c,category_resampled,"適用於失語症治療提示，以""早上起床""作為起始，描述一天生活的開始。",綁鞋帶,動詞,小朋友通常需要學習怎麼綁,早晨起床後，綁好鞋子準備下樓,0.209407240152359,1.0,0.0,0.4465850681066513
3,動作_ape_2_b7c80da6,動作,動作_ape_3_d4fc740c,category_resampled,"適用於失語症治療提示，以""早上起床""作為起始，描述一天生活的開始。",綁頭髮,動詞,需要使用特定的工具來固定,早晨起來後，整理髈發，讓它們順滑地垂,0.20740635693073273,1.0,0.0,0.4451844498515129
3,動作_ape_2_b7c80da6,動作,動作_ape_3_d4fc740c,category_resampled,"適用於失語症治療提示，以""早上起床""作為起始，描述一天生活的開始。",聊天,動詞,在家裡、工作場合、咖啡廳等都很常見,,0.0,0.0,1.0,0.0
3,動作_ape_2_b7c80da6,動作,動作_ape_3_d4fc740c,category_resampled,"適用於失語症治療提示，以""早上起床""作為起始，描述一天生活的開始。",量體溫,動詞,需要使用特定的測量工具,,0.0,0.0,1.0,0.0
3,動作_ape_2_b7c80da6,動作,動作_ape_3_d4fc740c,category_resampled,"適用於失語症治療提示，以""早上起床""作為起始，描述一天生活的開始。",開門,動詞,"轉動把手,讓進出口變暢通的動作",,0.0,0.0,1.0,0.0
3,動物_ape_2_610d7833,動物,動物_ape_3_1af21f7b,category_resampled,描述動物的叫聲（如狗叫、貓咪叫）。,牛,名詞,可做成肉乾食用,哞哞~，有時會吃草，生活在田間地頭,0.3618437647819519,1.0,0.0,0.5532906353473663
3,動物_ape_2_610d7833,動物,動物_ape_3_1af21f7b,category_resampled,描述動物的叫聲（如狗叫、貓咪叫）。,狗,名詞,很多人家裡會養的動物,汪汪叫，忠诚又勇敢，常见於家庭和公園,0.4359279274940491,1.0,0.0,0.6051495492458343
3,動物_ape_2_610d7833,動物,動物_ape_3_1af21f7b,category_resampled,描述動物的叫聲（如狗叫、貓咪叫）。,豬,名詞,可做成肉乾食用,"有時很重實在,有時喜歡群聚,全身長著",0.24903255701065063,1.0,0.0,0.4743227899074554
3,動物_ape_2_610d7833,動物,動物_ape_3_1af21f7b,category_resampled,描述動物的叫聲（如狗叫、貓咪叫）。,貓,名詞,"有時很黏人,有時愛獨處,個性多變",喵~ 狂歡的夜鳴,0.15033066272735596,1.0,0.0,0.40523146390914916
3,動物_ape_2_610d7833,動物,動物_ape_3_1af21f7b,category_resampled,描述動物的叫聲（如狗叫、貓咪叫）。,雞,名詞,"吃穀物、蟲子,有時候也會啄地上的食物",鳴叫清脆，頭部有單冠，常在庭院或,0.09381722658872604,1.0,0.0,0.3656720586121082
3,動物_ape_2_610d7833,動物,動物_ape_3_2c03e45e,category_resampled,描述動物的外觀（如毛、耳朵、尾巴）。,牛,名詞,可做成肉乾食用,有四蹄、厚實皮膚和大鼻子的動物,0.3542816936969757,1.0,0.0,0.5479971855878829
3,動物_ape_2_610d7833,動物,動物_ape_3_2c03e45e,category_resampled,描述動物的外觀（如毛、耳朵、尾巴）。,狗,名詞,很多人家裡會養的動物,很多家庭喜歡養的動物,0.8549517393112183,1.0,0.0,0.8984662175178528
3,動物_ape_2_610d7833,動物,動物_ape_3_2c03e45e,category_resampled,描述動物的外觀（如毛、耳朵、尾巴）。,豬,名詞,可做成肉乾食用,"有時很重實在,有時喜歡拱門,鼻子長而",0.3254379332065582,1.0,0.0,0.5278065532445907
3,動物_ape_2_610d7833,動物,動物_ape_3_2c03e45e,category_resampled,描述動物的外觀（如毛、耳朵、尾巴）。,貓,名詞,"有時很黏人,有時愛獨處,個性多變","有時很黏人,有時愛獨處,個性多變",1.0,1.0,0.0,1.0
3,動物_ape_2_610d7833,動物,動物_ape_3_2c03e45e,category_resampled,描述動物的外觀（如毛、耳朵、尾巴）。,雞,名詞,"吃穀物、蟲子,有時候也會啄地上的食物",,0.0,0.0,1.0,0.0
3,喝_ape_2_70d5ed0b,喝,喝_ape_3_6fc8c37d,category_resampled,請生成一句提示句，其中包含目標詞彙「橙子」，但不得直接說出「橙子」。,珍珠奶茶,名詞,自備飲料杯-5元,,0.0,0.0,1.0,0.0
3,喝_ape_2_70d5ed0b,喝,喝_ape_3_6fc8c37d,category_resampled,請生成一句提示句，其中包含目標詞彙「橙子」，但不得直接說出「橙子」。,紅茶,名詞,飲料店有在賣,,0.0,0.0,1.0,0.0
3,喝_ape_2_70d5ed0b,喝,喝_ape_3_6fc8c37d,category_resampled,請生成一句提示句，其中包含目標詞彙「橙子」，但不得直接說出「橙子」。,豆漿,名詞,可以加糖更好喝,,0.0,0.0,1.0,0.0
3,喝_ape_2_70d5ed0b,喝,喝_ape_3_b4952fdb,category_resampled,請生成一句提示句，其中包含目標詞彙「蘋果」，但不得直接說出「蘋果」。,珍珠奶茶,名詞,自備飲料杯-5元,,0.0,0.0,1.0,0.0
3,喝_ape_2_70d5ed0b,喝,喝_ape_3_b4952fdb,category_resampled,請生成一句提示句，其中包含目標詞彙「蘋果」，但不得直接說出「蘋果」。,紅茶,名詞,飲料店有在賣,,0.0,0.0,1.0,0.0
3,喝_ape_2_70d5ed0b,喝,喝_ape_3_b4952fdb,category_resampled,請生成一句提示句，其中包含目標詞彙「蘋果」，但不得直接說出「蘋果」。,豆漿,名詞,可以加糖更好喝,,0.0,0.0,1.0,0.0
3,娛樂場所_ape_2_5f11db38,娛樂場所,娛樂場所_ape_3_8b236995,category_resampled,描述一隻鳥如何在森林中繁殖。,公園,名詞,適合散步、慢跑的區域,,0.0,0.0,1.0,0.0
3,娛樂場所_ape_2_5f11db38,娛樂場所,娛樂場所_ape_3_8b236995,category_resampled,描述一隻鳥如何在森林中繁殖。,電影院,名詞,放映前會播預告片,,0.0,0.0,1.0,0.0
3,娛樂場所_ape_2_5f11db38,娛樂場所,娛樂場所_ape_3_f43be8d6,category_resampled,描述一朵花如何在雨後開放。,公園,名詞,適合散步、慢跑的區域,,0.0,0.0,1.0,0.0
3,娛樂場所_ape_2_5f11db38,娛樂場所,娛樂場所_ape_3_f43be8d6,category_resampled,描述一朵花如何在雨後開放。,電影院,名詞,放映前會播預告片,,0.0,0.0,1.0,0.0
3,學校_ape_2_4f193443,學校,學校_ape_3_d696792a,category_resampled,為失語症患者生成一句具體、生活化且容易聯想到答案的語意提示句。,圖書館,名詞,有電腦可以查詢館藏資料,,0.0,0.0,1.0,0.0
3,學校_ape_2_4f193443,學校,學校_ape_3_e7a8d43d,category_resampled,設計一組針對失語症患者的簡單、具體且容易聯想到答案的提示句列表。,圖書館,名詞,有電腦可以查詢館藏資料,透過玻璃窗和書架，藏書豐富而有序,0.4793996810913086,1.0,0.0,0.635579776763916
3,家具_ape_2_bdcdfec1,家具,家具_ape_3_827aa08a,category_resampled,描述一顆水果的顏色和果實，並說明其在夏天適合的食用方式。,床,名詞,"有收納空間,底下可以放東西",,0.0,0.0,1.0,0.0
3,家具_ape_2_bdcdfec1,家具,家具_ape_3_827aa08a,category_resampled,描述一顆水果的顏色和果實，並說明其在夏天適合的食用方式。,桌子,名詞,吃飯時大家會圍著它坐下來,,0.0,0.0,1.0,0.0
3,家具_ape_2_bdcdfec1,家具,家具_ape_3_827aa08a,category_resampled,描述一顆水果的顏色和果實，並說明其在夏天適合的食用方式。,衣櫃,名詞,有木製、塑膠、金屬等材質,,0.0,0.0,1.0,0.0
3,家具_ape_2_bdcdfec1,家具,家具_ape_3_827aa08a,category_resampled,描述一顆水果的顏色和果實，並說明其在夏天適合的食用方式。,鏡子,名詞,"用久會變髒,需要擦拭才能更清晰",,0.0,0.0,1.0,0.0
3,家具_ape_2_bdcdfec1,家具,家具_ape_3_3c011b35,category_resampled,描述一種水果的形狀，並說明其在夏天適合的保存方法。,床,名詞,"有收納空間,底下可以放東西",,0.0,0.0,1.0,0.0
3,家具_ape_2_bdcdfec1,家具,家具_ape_3_3c011b35,category_resampled,描述一種水果的形狀，並說明其在夏天適合的保存方法。,桌子,名詞,吃飯時大家會圍著它坐下來,"用久會變髒,需要擦拭才能更清晰",0.2732357978820801,1.0,0.0,0.49126505851745605
3,家具_ape_2_bdcdfec1,家具,家具_ape_3_3c011b35,category_resampled,描述一種水果的形狀，並說明其在夏天適合的保存方法。,衣櫃,名詞,有木製、塑膠、金屬等材質,,0.0,0.0,1.0,0.0
3,家具_ape_2_bdcdfec1,家具,家具_ape_3_3c011b35,category_resampled,描述一種水果的形狀，並說明其在夏天適合的保存方法。,鏡子,名詞,"用久會變髒,需要擦拭才能更清晰",,0.0,0.0,1.0,0.0
3,廚房用品_ape_2_25bd1115,廚房用品,廚房用品_ape_3_90599ed0,category_resampled,描述一個水果的甜度和口感。,砧板,名詞,"表面平整,不會卡住食材或殘渣",描述一個水果的甜度和口感,0.12924858927726746,1.0,0.0,0.3904740124940872
3,廚房用品_ape_2_25bd1115,廚房用品,廚房用品_ape_3_90599ed0,category_resampled,描述一個水果的甜度和口感。,菜刀,名詞,有中式、西式、切水果等種類,,0.0,0.0,1.0,0.0
3,廚房用品_ape_2_25bd1115,廚房用品,廚房用品_ape_3_90599ed0,category_resampled,描述一個水果的甜度和口感。,鍋子,名詞,料理方式不同也需不同種類,使用時注意手柄是否穩重，鍋底是否有防滑設計,0.42398160696029663,0.9523809523809523,0.0,0.5825014105864933
3,廚房用品_ape_2_25bd1115,廚房用品,廚房用品_ape_3_8542ea30,category_resampled,描述一棵樹的樹皮和枝葉。,砧板,名詞,"表面平整,不會卡住食材或殘渣",描述一個平滑且不鏽鋼製的方形物品，常見,0.5295397043228149,1.0,0.0,0.6706777930259704
3,廚房用品_ape_2_25bd1115,廚房用品,廚房用品_ape_3_8542ea30,category_resampled,描述一棵樹的樹皮和枝葉。,菜刀,名詞,有中式、西式、切水果等種類,,0.0,0.0,1.0,0.0
3,廚房用品_ape_2_25bd1115,廚房用品,廚房用品_ape_3_8542ea30,category_resampled,描述一棵樹的樹皮和枝葉。,鍋子,名詞,料理方式不同也需不同種類,描述一個平底鍋在廚房中的使用方法,0.6113582253456116,1.0,0.0,0.7279507577419281
3,文具_ape_2_4892d0e3,文具,文具_ape_3_e8b16256,category_resampled,以水果作為比喻，創建一個簡單明確的提示句，幫助失語症患者記憶。,原子筆,名詞,按一下或轉一下可推出筆芯,"透過電池供能,書寫文字的便攜式工具",0.45327603816986084,1.0,0.0,0.6172932267189026
3,文具_ape_2_4892d0e3,文具,文具_ape_3_ebec9c07,category_resampled,以蔬菜為象徵，設計一個形象的提示句，促進失語症患者的理解和學習。,原子筆,名詞,按一下或轉一下可推出筆芯,,0.0,0.0,1.0,0.0
3,水果_ape_2_708436b9,水果,水果_ape_3_e13aea4a,category_resampled,描述一種水果的特徵，但不要直接說「水果」这个词。,芒果,名詞,帶有濃郁的甜香氣味,帶有鮮艷橙黃色外皮，圓形且略扁,0.46544477343559265,1.0,0.0,0.6258113414049149
3,水果_ape_2_708436b9,水果,水果_ape_3_e13aea4a,category_resampled,描述一種水果的特徵，但不要直接說「水果」这个词。,草莓,名詞,有綠色的蒂頭,帶有鮮艷紅色外皮，形狀略圓，口感,0.43864086270332336,1.0,0.0,0.6070486038923264
3,水果_ape_2_708436b9,水果,水果_ape_3_e13aea4a,category_resampled,描述一種水果的特徵，但不要直接說「水果」这个词。,葡萄,名詞,它的籽可以榨成油,它通常呈紫黑色或藍紫色，長條形，常成串,0.12047969549894333,1.0,0.0,0.3843357868492603
3,水果_ape_2_708436b9,水果,水果_ape_3_e13aea4a,category_resampled,描述一種水果的特徵，但不要直接說「水果」这个词。,蘋果,名詞,可能會打蠟,它圓潤光滑，紅色或綠色，通常成串販,0.3307167887687683,1.0,0.0,0.5315017521381378
3,水果_ape_2_708436b9,水果,水果_ape_3_e13aea4a,category_resampled,描述一種水果的特徵，但不要直接說「水果」这个词。,香蕉,名詞,台灣的旗山種很多,皮膚滑膩，黃色外觀，長條形，,0.042328186333179474,1.0,0.0,0.32962973043322563
3,水果_ape_2_708436b9,水果,水果_ape_3_e13aea4a,category_resampled,描述一種水果的特徵，但不要直接說「水果」这个词。,鳳梨,名詞,切開後有特殊香氣,它外觀像一顆小球，金黃色的皮上覆,0.3751453757286072,1.0,0.0,0.5626017630100251
3,水果_ape_2_708436b9,水果,水果_ape_3_42526745,category_resampled,提供一種方法，讓失語症患者能夠生成具體的水果描述，但不要直接說「描述」这个词。,芒果,名詞,帶有濃郁的甜香氣味,帶有鮮艷橙黃色外皮，圓潤光滑，口感,0.6158359050750732,1.0,0.0,0.7310851335525512
3,水果_ape_2_708436b9,水果,水果_ape_3_42526745,category_resampled,提供一種方法，讓失語症患者能夠生成具體的水果描述，但不要直接說「描述」这个词。,草莓,名詞,有綠色的蒂頭,帶有鮮艷紅色的圓形水果，表面光滑，口感,0.29619884490966797,1.0,0.0,0.5073391914367675
3,水果_ape_2_708436b9,水果,水果_ape_3_42526745,category_resampled,提供一種方法，讓失語症患者能夠生成具體的水果描述，但不要直接說「描述」这个词。,葡萄,名詞,它的籽可以榨成油,它可能纏繞在藤蔓上，紫色或黑色，圓形,0.23745182156562805,1.0,0.0,0.4662162750959396
3,水果_ape_2_708436b9,水果,水果_ape_3_42526745,category_resampled,提供一種方法，讓失語症患者能夠生成具體的水果描述，但不要直接說「描述」这个词。,蘋果,名詞,可能會打蠟,帶有鮮艷紅色外觀，圓形，多汁且,0.37195760011672974,1.0,0.0,0.5603703200817107
3,水果_ape_2_708436b9,水果,水果_ape_3_42526745,category_resampled,提供一種方法，讓失語症患者能夠生成具體的水果描述，但不要直接說「描述」这个词。,香蕉,名詞,台灣的旗山種很多,帶有黃色皮膚，長長的形狀，滑嫩,0.07210062444210052,1.0,0.0,0.35047043710947035
3,水果_ape_2_708436b9,水果,水果_ape_3_42526745,category_resampled,提供一種方法，讓失語症患者能夠生成具體的水果描述，但不要直接說「描述」这个词。,鳳梨,名詞,切開後有特殊香氣,帶有微風的綠色果實，形狀略呈心形,0.4034363925457001,1.0,0.0,0.58240547478199
3,調味_ape_2_2bee96b9,調味,調味_ape_3_0ba5f7d3,category_resampled,**生成一個以「蔬菜」作為主要特徵的提示句**,糖,名詞,吃太多對胰臟不好,透過甜味感受生活的小確幸,0.14059323072433472,1.0,0.0,0.39841526150703427
3,調味_ape_2_2bee96b9,調味,調味_ape_3_0ba5f7d3,category_resampled,**生成一個以「蔬菜」作為主要特徵的提示句**,鹽,名詞,在古代是非常珍貴的物品,,0.0,0.0,1.0,0.0
3,調味_ape_2_2bee96b9,調味,調味_ape_3_7f4e89ae,category_resampled,用「蔬菜」作為目標詞，但不直接說出目標詞。,糖,名詞,吃太多對胰臟不好,透過熱量和甜度，提供美味的滋味感受,0.22434541583061218,1.0,0.0,0.4570417910814285
3,調味_ape_2_2bee96b9,調味,調味_ape_3_7f4e89ae,category_resampled,用「蔬菜」作為目標詞，但不直接說出目標詞。,鹽,名詞,在古代是非常珍貴的物品,,0.0,0.0,1.0,0.0
3,調味_ape_2_2bee96b9,調味,調味_ape_3_834ab317,category_resampled,**生成一個以「水果」作為主要特徵的提示句**,糖,名詞,吃太多對胰臟不好,甜蜜的滋味，讓生活更加香甜,0.14709797501564026,1.0,0.0,0.40296858251094814
3,調味_ape_2_2bee96b9,調味,調味_ape_3_834ab317,category_resampled,**生成一個以「水果」作為主要特徵的提示句**,鹽,名詞,在古代是非常珍貴的物品,,0.0,0.0,1.0,0.0
3,調味_ape_2_2bee96b9,調味,調味_ape_3_ceb4458a,category_resampled,用「水果」作為目標詞，但不直接說出目標詞。,糖,名詞,吃太多對胰臟不好,透過化學反應，將甜味物質溶解在水中形成,0.14301829040050507,1.0,0.0,0.40011280328035354
3,調味_ape_2_2bee96b9,調味,調味_ape_3_ceb4458a,category_resampled,用「水果」作為目標詞，但不直接說出目標詞。,鹽,名詞,在古代是非常珍貴的物品,,0.0,0.0,1.0,0.0
3,輔具_ape_2_3c344191,輔具,輔具_ape_3_d4dd151d,category_resampled,描述如何在超市找到橙子。,假牙,名詞,剛戴上時可能會有異物感,描述如何在超市掃描QR碼購買商品,0.18542540073394775,1.0,0.0,0.4297977805137634
3,輔具_ape_2_3c344191,輔具,輔具_ape_3_d4dd151d,category_resampled,描述如何在超市找到橙子。,助聽器,名詞,需要定期更換電池或充電,,0.0,0.0,1.0,0.0
3,輔具_ape_2_3c344191,輔具,輔具_ape_3_d4dd151d,category_resampled,描述如何在超市找到橙子。,拐杖,名詞,有標準型、四腳型或摺疊款式,,0.0,0.0,1.0,0.0
3,輔具_ape_2_3c344191,輔具,輔具_ape_3_d4dd151d,category_resampled,描述如何在超市找到橙子。,藥盒,名詞,有些時間到會發出聲音或震動,,0.0,0.0,1.0,0.0
3,輔具_ape_2_3c344191,輔具,輔具_ape_3_d4dd151d,category_resampled,描述如何在超市找到橙子。,護膝,名詞,適合冬天或關節炎患者使用,,0.0,0.0,1.0,0.0
3,輔具_ape_2_3c344191,輔具,輔具_ape_3_d4dd151d,category_resampled,描述如何在超市找到橙子。,輪椅,名詞,"某些款式可折疊,方便攜帶或存放",描述如何使用手杖行走,0.26459869742393494,1.0,0.0,0.4852190881967544
3,醫療場所_ape_2_b433921d,醫療場所,醫療場所_ape_3_9ddc53ef,category_resampled,詢問失語症患者通常會使用哪些具體的語意提示句？,藥局,名詞,有些會提供血壓量測和領取口罩等服務,詢問失語症患者通常會使用哪些具體的語意提示,0.34559422731399536,0.9523809523809523,0.0,0.5276302448340824
3,醫療場所_ape_2_b433921d,醫療場所,醫療場所_ape_3_9ddc53ef,category_resampled,詢問失語症患者通常會使用哪些具體的語意提示句？,醫院,名詞,設有內科、外科、婦產科、小兒科等不同科別,詢問失語症患者通常會使用哪些具體的語意提示,0.18502916395664215,0.9523809523809523,0.0,0.4152347004839352
3,醫療場所_ape_2_b433921d,醫療場所,醫療場所_ape_3_73d4c3e5,category_resampled,提供失語症治療提示句時，應考慮什麼因素？,藥局,名詞,有些會提供血壓量測和領取口罩等服務,,0.0,0.0,1.0,0.0
3,醫療場所_ape_2_b433921d,醫療場所,醫療場所_ape_3_73d4c3e5,category_resampled,提供失語症治療提示句時，應考慮什麼因素？,醫院,名詞,設有內科、外科、婦產科、小兒科等不同科別,,0.0,0.0,1.0,0.0
3,金融機構_ape_2_6179ca4a,金融機構,金融機構_ape_3_f495041b,category_resampled,語意提示句：「從失語症患者的角度思考，構思一句具體、簡單、容易聯想到答案的語意提示句。」,郵局,名詞,有些人會來這裡繳水電費或其他帳單,透過信件和金錢交易，提供收發服務,0.4683752655982971,1.0,0.0,0.6278626859188079
3,金融機構_ape_2_6179ca4a,金融機構,金融機構_ape_3_f6a715c2,category_resampled,語意提示句：「失語症患者的心聲：生成一句具體、簡單、容易聯想到答案的語意提示句。」,郵局,名詞,有些人會來這裡繳水電費或其他帳單,"透過電力驅動,設立在城市中心區域，提供銀行",0.45987972617149353,0.9523809523809523,0.0,0.6076300940343311
3,餐具_ape_2_21c10035,餐具,餐具_ape_3_1d9ab670,category_resampled,描述一個水果，但不直接說出水果名稱。,叉子,名詞,兒童款的XX會比較圓潤,,0.0,0.0,1.0,0.0
3,餐具_ape_2_21c10035,餐具,餐具_ape_3_1d9ab670,category_resampled,描述一個水果，但不直接說出水果名稱。,湯匙,名詞,"嬰兒用的特別小,邊緣圓滑,方便餵食",,0.0,0.0,1.0,0.0
3,餐具_ape_2_21c10035,餐具,餐具_ape_3_1d9ab670,category_resampled,描述一個水果，但不直接說出水果名稱。,碗,名詞,可以是陶瓷、不鏽鋼、塑膠或木頭材質製成的,,0.0,0.0,1.0,0.0
3,餐具_ape_2_21c10035,餐具,餐具_ape_3_d995bd5e,category_resampled,描述一種蔬菜，但不直接說出蔬菜名稱。,叉子,名詞,兒童款的XX會比較圓潤,描述一種餐具，但不直接說出餐具名稱,0.06500764191150665,1.0,0.0,0.34550534933805466
3,餐具_ape_2_21c10035,餐具,餐具_ape_3_d995bd5e,category_resampled,描述一種蔬菜，但不直接說出蔬菜名稱。,湯匙,名詞,"嬰兒用的特別小,邊緣圓滑,方便餵食",,0.0,0.0,1.0,0.0
3,餐具_ape_2_21c10035,餐具,餐具_ape_3_d995bd5e,category_resampled,描述一種蔬菜，但不直接說出蔬菜名稱。,碗,名詞,可以是陶瓷、不鏽鋼、塑膠或木頭材質製成的,,0.0,0.0,1.0,0.0
