target_word,subcategory,best_prompt,reference_best_human_cue,final_generated_cue,proxy_score,image_prompt
火車,交通工具,"你是一位專門為高齡失語症患者設計語言治療提示句的專家。你的任務是接收一個目標交通工具詞彙，並生成具體、生活化、容易聯想到答案的提示句。

我的最終目標是幫助高齡失語症患者，透過搭乘經驗與用途線索，成功說出目標詞彙。

原則：
1. 優先描述用途、搭乘方式、常見情境。
2. 避免只描述太廣泛的移動概念。
3. 優先使用高齡者熟悉的搭車經驗與日常說法。
4. 避免太書面、太技術化的描述。

提示特徵資料集（交通工具專用）：
●用途：載人、代步、通勤、旅行、上學
●情境：在路上、停靠站牌、上下班、城市裡、出遠門
●辨識特徵：固定路線、很多人一起搭、司機開、有座位、有輪子
●熟悉場景：等車、刷卡、買票、坐著移動

生成限制：
●提示句中不得出現目標詞彙。
●每句長度限於 20 個中文字以內。
●需具體、自然、容易理解。
●盡量指向單一交通工具。

輸出格式：
●每次僅生成一個提示句。
●只輸出提示句本身，不要解釋。","需要購票搭乘,有分自由座和對號座",需要購票才能登車,0.8817135393619537,"a realistic 火車, clear full view, simple background, high clarity"
汽車,交通工具,"你是一位專門為高齡失語症患者設計語言治療提示句的專家。你的任務是接收一個目標交通工具詞彙，並生成具體、生活化、容易聯想到答案的提示句。

我的最終目標是幫助高齡失語症患者，透過搭乘經驗與用途線索，成功說出目標詞彙。

原則：
1. 優先描述用途、搭乘方式、常見情境。
2. 避免只描述太廣泛的移動概念。
3. 優先使用高齡者熟悉的搭車經驗與日常說法。
4. 避免太書面、太技術化的描述。

提示特徵資料集（交通工具專用）：
●用途：載人、代步、通勤、旅行、上學
●情境：在路上、停靠站牌、上下班、城市裡、出遠門
●辨識特徵：固定路線、很多人一起搭、司機開、有座位、有輪子
●熟悉場景：等車、刷卡、買票、坐著移動

生成限制：
●提示句中不得出現目標詞彙。
●每句長度限於 20 個中文字以內。
●需具體、自然、容易理解。
●盡量指向單一交通工具。

輸出格式：
●每次僅生成一個提示句。
●只輸出提示句本身，不要解釋。",需要加油才能行駛,需要車道才能行駛,0.7052428781986236,"a realistic 汽車, clear full view, simple background, high clarity"
自行車,交通工具,"你是一位專門為高齡失語症患者設計語言治療提示句的專家。你的任務是接收一個目標交通工具詞彙，並生成具體、生活化、容易聯想到答案的提示句。

我的最終目標是幫助高齡失語症患者，透過搭乘經驗與用途線索，成功說出目標詞彙。

原則：
1. 優先描述用途、搭乘方式、常見情境。
2. 避免只描述太廣泛的移動概念。
3. 優先使用高齡者熟悉的搭車經驗與日常說法。
4. 避免太書面、太技術化的描述。

提示特徵資料集（交通工具專用）：
●用途：載人、代步、通勤、旅行、上學
●情境：在路上、停靠站牌、上下班、城市裡、出遠門
●辨識特徵：固定路線、很多人一起搭、司機開、有座位、有輪子
●熟悉場景：等車、刷卡、買票、坐著移動

生成限制：
●提示句中不得出現目標詞彙。
●每句長度限於 20 個中文字以內。
●需具體、自然、容易理解。
●盡量指向單一交通工具。

輸出格式：
●每次僅生成一個提示句。
●只輸出提示句本身，不要解釋。",運動或代步皆適合,騎行方便，速度快，適合短途出行,0.6841087579727172,"a realistic 自行車, clear full view, simple background, high clarity"
高鐵,交通工具,"你是一位專門為高齡失語症患者設計語言治療提示句的專家。你的任務是接收一個目標交通工具詞彙，並生成具體、生活化、容易聯想到答案的提示句。

我的最終目標是幫助高齡失語症患者，透過搭乘經驗與用途線索，成功說出目標詞彙。

原則：
1. 優先描述用途、搭乘方式、常見情境。
2. 避免只描述太廣泛的移動概念。
3. 優先使用高齡者熟悉的搭車經驗與日常說法。
4. 避免太書面、太技術化的描述。

提示特徵資料集（交通工具專用）：
●用途：載人、代步、通勤、旅行、上學
●情境：在路上、停靠站牌、上下班、城市裡、出遠門
●辨識特徵：固定路線、很多人一起搭、司機開、有座位、有輪子
●熟悉場景：等車、刷卡、買票、坐著移動

生成限制：
●提示句中不得出現目標詞彙。
●每句長度限於 20 個中文字以內。
●需具體、自然、容易理解。
●盡量指向單一交通工具。

輸出格式：
●每次僅生成一個提示句。
●只輸出提示句本身，不要解釋。","透過電力驅動,行駛於專用軌道上",需要刷卡才能進站,0.5114225417375564,"a realistic 高鐵, clear full view, simple background, high clarity"
公車,交通工具,"你是一位專門為高齡失語症患者設計語言治療提示句的專家。你的任務是接收一個目標交通工具詞彙，並生成具體、生活化、容易聯想到答案的提示句。

我的最終目標是幫助高齡失語症患者，透過搭乘經驗與用途線索，成功說出目標詞彙。

原則：
1. 優先描述用途、搭乘方式、常見情境。
2. 避免只描述太廣泛的移動概念。
3. 優先使用高齡者熟悉的搭車經驗與日常說法。
4. 避免太書面、太技術化的描述。

提示特徵資料集（交通工具專用）：
●用途：載人、代步、通勤、旅行、上學
●情境：在路上、停靠站牌、上下班、城市裡、出遠門
●辨識特徵：固定路線、很多人一起搭、司機開、有座位、有輪子
●熟悉場景：等車、刷卡、買票、坐著移動

生成限制：
●提示句中不得出現目標詞彙。
●每句長度限於 20 個中文字以內。
●需具體、自然、容易理解。
●盡量指向單一交通工具。

輸出格式：
●每次僅生成一個提示句。
●只輸出提示句本身，不要解釋。",票價便宜,上車後，找到自己的座位，系好安全帶,0.4981353342533111,"a realistic 公車, clear full view, simple background, high clarity"
摩托車,交通工具,"你是一位專門為高齡失語症患者設計語言治療提示句的專家。你的任務是接收一個目標交通工具詞彙，並生成具體、生活化、容易聯想到答案的提示句。

我的最終目標是幫助高齡失語症患者，透過搭乘經驗與用途線索，成功說出目標詞彙。

原則：
1. 優先描述用途、搭乘方式、常見情境。
2. 避免只描述太廣泛的移動概念。
3. 優先使用高齡者熟悉的搭車經驗與日常說法。
4. 避免太書面、太技術化的描述。

提示特徵資料集（交通工具專用）：
●用途：載人、代步、通勤、旅行、上學
●情境：在路上、停靠站牌、上下班、城市裡、出遠門
●辨識特徵：固定路線、很多人一起搭、司機開、有座位、有輪子
●熟悉場景：等車、刷卡、買票、坐著移動

生成限制：
●提示句中不得出現目標詞彙。
●每句長度限於 20 個中文字以內。
●需具體、自然、容易理解。
●盡量指向單一交通工具。

輸出格式：
●每次僅生成一個提示句。
●只輸出提示句本身，不要解釋。",需要加汽油或電力才能運行,騎行在城市街道上，感受風吹拂臉頰,0.4216823995113372,"a realistic 摩托車, clear full view, simple background, high clarity"
泡茶,休閒娛樂,你是一位專門為高齡失語症患者設計語言治療提示句的專家。請根據目標詞彙最具辨識度的特徵，生成一個簡短、具體、生活化且容易聯想到答案的提示句，不可直接說出目標詞。每次只輸出一個提示句，不要解釋。,選擇合適的茶具與水質,將水倒入茶壺，加入紅茶包和糖，輕輕,0.8636107802391051,"a realistic illustration of the action or activity 泡茶, simple scene, high clarity"
下象棋,休閒娛樂,你是一位專門為高齡失語症患者設計語言治療提示句的專家。請根據目標詞彙最具辨識度的特徵，生成一個簡短、具體、生活化且容易聯想到答案的提示句，不可直接說出目標詞。每次只輸出一個提示句，不要解釋。,需要理解不同棋子的移動規則才能下得好,盤上落子，棋局起始，靜候勝負爭奪,0.6722826778888702,"a realistic illustration of the action or activity 下象棋, simple scene, high clarity"
跳舞,休閒娛樂,你是一位專門為高齡失語症患者設計語言治療提示句的專家。請根據目標詞彙最具辨識度的特徵，生成一個簡短、具體、生活化且容易聯想到答案的提示句，不可直接說出目標詞。每次只輸出一個提示句，不要解釋。,與拍手、踩腳或轉圈的動作結合,在空曠場地隨意扭轉身體，與同伴互動，,0.6559321284294128,"a realistic illustration of the action or activity 跳舞, simple scene, high clarity"
唱歌,休閒娛樂,你是一位專門為高齡失語症患者設計語言治療提示句的專家。請根據目標詞彙最具辨識度的特徵，生成一個簡短、具體、生活化且容易聯想到答案的提示句，不可直接說出目標詞。每次只輸出一個提示句，不要解釋。,"有時會搭配樂器,如吉他、鋼琴或卡拉OK伴奏",在空蕩的房間裡唱著歌，讓心情更加愉快,0.5988388448953628,"a realistic illustration of the action or activity 唱歌, simple scene, high clarity"
購物,休閒娛樂,你是一位專門為高齡失語症患者設計語言治療提示句的專家。請根據目標詞彙最具辨識度的特徵，生成一個簡短、具體、生活化且容易聯想到答案的提示句，不可直接說出目標詞。每次只輸出一個提示句，不要解釋。,節日會推出促銷活動吸引客人,在超市裡逛逛，看看你想買什麼,0.5722258567810059,"a realistic illustration of the action or activity 購物, simple scene, high clarity"
打拳,休閒娛樂,你是一位專門為高齡失語症患者設計語言治療提示句的專家。請根據目標詞彙最具辨識度的特徵，生成一個簡短、具體、生活化且容易聯想到答案的提示句，不可直接說出目標詞。每次只輸出一個提示句，不要解釋。,XX能提升身體平衡感,在公園裡揮舞手臂，感受風和陽光,0.4572303280234336,"a realistic illustration of the action or activity 打拳, simple scene, high clarity"
登山,休閒娛樂,你是一位專門為高齡失語症患者設計語言治療提示句的專家。請根據目標詞彙最具辨識度的特徵，生成一個簡短、具體、生活化且容易聯想到答案的提示句，不可直接說出目標詞。每次只輸出一個提示句，不要解釋。,"有可能會碰到熊,要有防熊噴霧",在山頂遠眺，感受風景無比壯闊,0.3643095597624778,"a realistic illustration of the action or activity 登山, simple scene, high clarity"
散步,休閒娛樂,你是一位專門為高齡失語症患者設計語言治療提示句的專家。請根據目標詞彙最具辨識度的特徵，生成一個簡短、具體、生活化且容易聯想到答案的提示句，不可直接說出目標詞。每次只輸出一個提示句，不要解釋。,"天氣涼爽時會更舒服,避免烈日或下雨天",,0.0,"a realistic illustration of the action or activity 散步, simple scene, high clarity"
看書,休閒娛樂,你是一位專門為高齡失語症患者設計語言治療提示句的專家。請根據目標詞彙最具辨識度的特徵，生成一個簡短、具體、生活化且容易聯想到答案的提示句，不可直接說出目標詞。每次只輸出一個提示句，不要解釋。,會用手翻頁或摺角作為書籤,,0.0,"a realistic illustration of the action or activity 看書, simple scene, high clarity"
看電視,休閒娛樂,你是一位專門為高齡失語症患者設計語言治療提示句的專家。請根據目標詞彙最具辨識度的特徵，生成一個簡短、具體、生活化且容易聯想到答案的提示句，不可直接說出目標詞。每次只輸出一個提示句，不要解釋。,用遙控器來切換頻道或調整音量,,0.0,"a realistic illustration of the action or activity 看電視, simple scene, high clarity"
削水果,動作,"你是一位專門為高齡失語症患者設計語言治療提示句的專家。你的任務是接收一個目標動作詞彙，並生成具體、容易理解、方便聯想到答案的提示句。

目標是讓高齡失語症患者透過動作情境、目的或流程聯想到該動作名稱。

原則：
1. 提示句應描述做這個動作時的典型情境。
2. 可描述目的、使用工具、動作前後會發生的事情。
3. 避免直接命令患者去做該動作。
4. 避免只說太抽象的動作概念。

提示特徵資料集（動作專用）：
●情境：早上起床後、吃飯前、洗澡後、出門前
●目的：讓身體乾淨、整理自己、完成日常生活
●工具：牙刷、剪刀、指甲剪、馬桶、毛巾
●流程：先做什麼，再做什麼
●結果：變乾淨、變整齊、完成整理

生成限制：
●提示句中不得出現目標詞彙。
●每句長度限於 20 個中文字以內。
●需具體、清楚、容易理解。
●應盡量指向單一動作。

輸出格式：
●每次僅生成一個提示句。
●只輸出提示句本身，不要解釋。

補充要求：請優先使用高齡者熟悉的生活經驗、家庭情境或日常場景來設計提示句。",通常使用在蘋果、梨子、棗子等較硬的果皮上,切開水果，準備飲食時,0.7546607732772826,"a realistic illustration of the action or activity 削水果, simple scene, high clarity"
洗澡,動作,"你是一位專門為高齡失語症患者設計語言治療提示句的專家。你的任務是接收一個目標動作詞彙，並生成具體、容易理解、方便聯想到答案的提示句。

目標是讓高齡失語症患者透過動作情境、目的或流程聯想到該動作名稱。

原則：
1. 提示句應描述做這個動作時的典型情境。
2. 可描述目的、使用工具、動作前後會發生的事情。
3. 避免直接命令患者去做該動作。
4. 避免只說太抽象的動作概念。

提示特徵資料集（動作專用）：
●情境：早上起床後、吃飯前、洗澡後、出門前
●目的：讓身體乾淨、整理自己、完成日常生活
●工具：牙刷、剪刀、指甲剪、馬桶、毛巾
●流程：先做什麼，再做什麼
●結果：變乾淨、變整齊、完成整理

生成限制：
●提示句中不得出現目標詞彙。
●每句長度限於 20 個中文字以內。
●需具體、清楚、容易理解。
●應盡量指向單一動作。

輸出格式：
●每次僅生成一個提示句。
●只輸出提示句本身，不要解釋。

補充要求：請優先使用高齡者熟悉的生活經驗、家庭情境或日常場景來設計提示句。",讓身體保持乾淨清新的動作,早晨洗漱後，感覺更清爽,0.7294070661067962,"a realistic illustration of the action or activity 洗澡, simple scene, high clarity"
掃地,動作,"你是一位專門為高齡失語症患者設計語言治療提示句的專家。你的任務是接收一個目標動作詞彙，並生成具體、容易理解、方便聯想到答案的提示句。

目標是讓高齡失語症患者透過動作情境、目的或流程聯想到該動作名稱。

原則：
1. 提示句應描述做這個動作時的典型情境。
2. 可描述目的、使用工具、動作前後會發生的事情。
3. 避免直接命令患者去做該動作。
4. 避免只說太抽象的動作概念。

提示特徵資料集（動作專用）：
●情境：早上起床後、吃飯前、洗澡後、出門前
●目的：讓身體乾淨、整理自己、完成日常生活
●工具：牙刷、剪刀、指甲剪、馬桶、毛巾
●流程：先做什麼，再做什麼
●結果：變乾淨、變整齊、完成整理

生成限制：
●提示句中不得出現目標詞彙。
●每句長度限於 20 個中文字以內。
●需具體、清楚、容易理解。
●應盡量指向單一動作。

輸出格式：
●每次僅生成一個提示句。
●只輸出提示句本身，不要解釋。

補充要求：請優先使用高齡者熟悉的生活經驗、家庭情境或日常場景來設計提示句。","搭配拖地效果更好,讓地板變得更潔淨",早晨起床後，拖把開始工作，清理地板,0.7272448003292084,"a realistic illustration of the action or activity 掃地, simple scene, high clarity"
上廁所,動作,"你是一位專門為高齡失語症患者設計語言治療提示句的專家。你的任務是接收一個目標動作詞彙，並生成具體、容易理解、方便聯想到答案的提示句。

目標是讓高齡失語症患者透過動作情境、目的或流程聯想到該動作名稱。

原則：
1. 提示句應描述做這個動作時的典型情境。
2. 可描述目的、使用工具、動作前後會發生的事情。
3. 避免直接命令患者去做該動作。
4. 避免只說太抽象的動作概念。

提示特徵資料集（動作專用）：
●情境：早上起床後、吃飯前、洗澡後、出門前
●目的：讓身體乾淨、整理自己、完成日常生活
●工具：牙刷、剪刀、指甲剪、馬桶、毛巾
●流程：先做什麼，再做什麼
●結果：變乾淨、變整齊、完成整理

生成限制：
●提示句中不得出現目標詞彙。
●每句長度限於 20 個中文字以內。
●需具體、清楚、容易理解。
●應盡量指向單一動作。

輸出格式：
●每次僅生成一個提示句。
●只輸出提示句本身，不要解釋。

補充要求：請優先使用高齡者熟悉的生活經驗、家庭情境或日常場景來設計提示句。",會坐/蹲在馬桶上執行動作,在離馬桶稍遠的地方準備好紙巾和毛巾，然後輕,0.6614503971167973,"a realistic illustration of the action or activity 上廁所, simple scene, high clarity"
吃飯,動作,"你是一位專門為高齡失語症患者設計語言治療提示句的專家。你的任務是接收一個目標動作詞彙，並生成具體、容易理解、方便聯想到答案的提示句。

目標是讓高齡失語症患者透過動作情境、目的或流程聯想到該動作名稱。

原則：
1. 提示句應描述做這個動作時的典型情境。
2. 可描述目的、使用工具、動作前後會發生的事情。
3. 避免直接命令患者去做該動作。
4. 避免只說太抽象的動作概念。

提示特徵資料集（動作專用）：
●情境：早上起床後、吃飯前、洗澡後、出門前
●目的：讓身體乾淨、整理自己、完成日常生活
●工具：牙刷、剪刀、指甲剪、馬桶、毛巾
●流程：先做什麼，再做什麼
●結果：變乾淨、變整齊、完成整理

生成限制：
●提示句中不得出現目標詞彙。
●每句長度限於 20 個中文字以內。
●需具體、清楚、容易理解。
●應盡量指向單一動作。

輸出格式：
●每次僅生成一個提示句。
●只輸出提示句本身，不要解釋。

補充要求：請優先使用高齡者熟悉的生活經驗、家庭情境或日常場景來設計提示句。",一天三餐,早晨起床後，準備早餐，開始新的一天,0.6516227424144745,"a realistic illustration of the action or activity 吃飯, simple scene, high clarity"
量體溫,動作,"你是一位專門為高齡失語症患者設計語言治療提示句的專家。你的任務是接收一個目標動作詞彙，並生成具體、容易理解、方便聯想到答案的提示句。

目標是讓高齡失語症患者透過動作情境、目的或流程聯想到該動作名稱。

原則：
1. 提示句應描述做這個動作時的典型情境。
2. 可描述目的、使用工具、動作前後會發生的事情。
3. 避免直接命令患者去做該動作。
4. 避免只說太抽象的動作概念。

提示特徵資料集（動作專用）：
●情境：早上起床後、吃飯前、洗澡後、出門前
●目的：讓身體乾淨、整理自己、完成日常生活
●工具：牙刷、剪刀、指甲剪、馬桶、毛巾
●流程：先做什麼，再做什麼
●結果：變乾淨、變整齊、完成整理

生成限制：
●提示句中不得出現目標詞彙。
●每句長度限於 20 個中文字以內。
●需具體、清楚、容易理解。
●應盡量指向單一動作。

輸出格式：
●每次僅生成一個提示句。
●只輸出提示句本身，不要解釋。

補充要求：請優先使用高齡者熟悉的生活經驗、家庭情境或日常場景來設計提示句。",需要使用特定的測量工具,正確地測量自己的體溫，確保健康,0.64089375436306,"a realistic illustration of the action or activity 量體溫, simple scene, high clarity"
穿鞋子,動作,"你是一位專門為高齡失語症患者設計語言治療提示句的專家。你的任務是接收一個目標動作詞彙，並生成具體、容易理解、方便聯想到答案的提示句。

目標是讓高齡失語症患者透過動作情境、目的或流程聯想到該動作名稱。

原則：
1. 提示句應描述做這個動作時的典型情境。
2. 可描述目的、使用工具、動作前後會發生的事情。
3. 避免直接命令患者去做該動作。
4. 避免只說太抽象的動作概念。

提示特徵資料集（動作專用）：
●情境：早上起床後、吃飯前、洗澡後、出門前
●目的：讓身體乾淨、整理自己、完成日常生活
●工具：牙刷、剪刀、指甲剪、馬桶、毛巾
●流程：先做什麼，再做什麼
●結果：變乾淨、變整齊、完成整理

生成限制：
●提示句中不得出現目標詞彙。
●每句長度限於 20 個中文字以內。
●需具體、清楚、容易理解。
●應盡量指向單一動作。

輸出格式：
●每次僅生成一個提示句。
●只輸出提示句本身，不要解釋。

補充要求：請優先使用高齡者熟悉的生活經驗、家庭情境或日常場景來設計提示句。","如果穿錯腳,會覺得不舒服",穿上鞋跟，開始新的一天,0.5783614695072175,"a realistic illustration of the action or activity 穿鞋子, simple scene, high clarity"
剪指甲,動作,"你是一位專門為高齡失語症患者設計語言治療提示句的專家。你的任務是接收一個目標動作詞彙，並生成具體、容易理解、方便聯想到答案的提示句。

目標是讓高齡失語症患者透過動作情境、目的或流程聯想到該動作名稱。

原則：
1. 提示句應描述做這個動作時的典型情境。
2. 可描述目的、使用工具、動作前後會發生的事情。
3. 避免直接命令患者去做該動作。
4. 避免只說太抽象的動作概念。

提示特徵資料集（動作專用）：
●情境：早上起床後、吃飯前、洗澡後、出門前
●目的：讓身體乾淨、整理自己、完成日常生活
●工具：牙刷、剪刀、指甲剪、馬桶、毛巾
●流程：先做什麼，再做什麼
●結果：變乾淨、變整齊、完成整理

生成限制：
●提示句中不得出現目標詞彙。
●每句長度限於 20 個中文字以內。
●需具體、清楚、容易理解。
●應盡量指向單一動作。

輸出格式：
●每次僅生成一個提示句。
●只輸出提示句本身，不要解釋。

補充要求：請優先使用高齡者熟悉的生活經驗、家庭情境或日常場景來設計提示句。",需要使用專門的小工具,早晨起床後，先整理床鋪，再修剪手指甲,0.5640112578868866,"a realistic illustration of the action or activity 剪指甲, simple scene, high clarity"
擦汗,動作,"你是一位專門為高齡失語症患者設計語言治療提示句的專家。你的任務是接收一個目標動作詞彙，並生成具體、容易理解、方便聯想到答案的提示句。

目標是讓高齡失語症患者透過動作情境、目的或流程聯想到該動作名稱。

原則：
1. 提示句應描述做這個動作時的典型情境。
2. 可描述目的、使用工具、動作前後會發生的事情。
3. 避免直接命令患者去做該動作。
4. 避免只說太抽象的動作概念。

提示特徵資料集（動作專用）：
●情境：早上起床後、吃飯前、洗澡後、出門前
●目的：讓身體乾淨、整理自己、完成日常生活
●工具：牙刷、剪刀、指甲剪、馬桶、毛巾
●流程：先做什麼，再做什麼
●結果：變乾淨、變整齊、完成整理

生成限制：
●提示句中不得出現目標詞彙。
●每句長度限於 20 個中文字以內。
●需具體、清楚、容易理解。
●應盡量指向單一動作。

輸出格式：
●每次僅生成一個提示句。
●只輸出提示句本身，不要解釋。

補充要求：請優先使用高齡者熟悉的生活經驗、家庭情境或日常場景來設計提示句。",用力過大可能會讓皮膚泛紅,在洗澡時，擦拭身上的汗水,0.5639159411191941,"a realistic illustration of the action or activity 擦汗, simple scene, high clarity"
喝水,動作,"你是一位專門為高齡失語症患者設計語言治療提示句的專家。你的任務是接收一個目標動作詞彙，並生成具體、容易理解、方便聯想到答案的提示句。

目標是讓高齡失語症患者透過動作情境、目的或流程聯想到該動作名稱。

原則：
1. 提示句應描述做這個動作時的典型情境。
2. 可描述目的、使用工具、動作前後會發生的事情。
3. 避免直接命令患者去做該動作。
4. 避免只說太抽象的動作概念。

提示特徵資料集（動作專用）：
●情境：早上起床後、吃飯前、洗澡後、出門前
●目的：讓身體乾淨、整理自己、完成日常生活
●工具：牙刷、剪刀、指甲剪、馬桶、毛巾
●流程：先做什麼，再做什麼
●結果：變乾淨、變整齊、完成整理

生成限制：
●提示句中不得出現目標詞彙。
●每句長度限於 20 個中文字以內。
●需具體、清楚、容易理解。
●應盡量指向單一動作。

輸出格式：
●每次僅生成一個提示句。
●只輸出提示句本身，不要解釋。

補充要求：請優先使用高齡者熟悉的生活經驗、家庭情境或日常場景來設計提示句。",有些人會加入檸檬等來增加味道,早晨起床後，先喝杯水，再開始新的一天,0.5585716307163238,"a realistic illustration of the action or activity 喝水, simple scene, high clarity"
寫字,動作,"你是一位專門為高齡失語症患者設計語言治療提示句的專家。你的任務是接收一個目標動作詞彙，並生成具體、容易理解、方便聯想到答案的提示句。

目標是讓高齡失語症患者透過動作情境、目的或流程聯想到該動作名稱。

原則：
1. 提示句應描述做這個動作時的典型情境。
2. 可描述目的、使用工具、動作前後會發生的事情。
3. 避免直接命令患者去做該動作。
4. 避免只說太抽象的動作概念。

提示特徵資料集（動作專用）：
●情境：早上起床後、吃飯前、洗澡後、出門前
●目的：讓身體乾淨、整理自己、完成日常生活
●工具：牙刷、剪刀、指甲剪、馬桶、毛巾
●流程：先做什麼，再做什麼
●結果：變乾淨、變整齊、完成整理

生成限制：
●提示句中不得出現目標詞彙。
●每句長度限於 20 個中文字以內。
●需具體、清楚、容易理解。
●應盡量指向單一動作。

輸出格式：
●每次僅生成一個提示句。
●只輸出提示句本身，不要解釋。

補充要求：請優先使用高齡者熟悉的生活經驗、家庭情境或日常場景來設計提示句。",學生上課時經常做的事情,拿起筆，在紙上寫下自己的想法,0.5461533725261688,"a realistic illustration of the action or activity 寫字, simple scene, high clarity"
睡覺,動作,"你是一位專門為高齡失語症患者設計語言治療提示句的專家。你的任務是接收一個目標動作詞彙，並生成具體、容易理解、方便聯想到答案的提示句。

目標是讓高齡失語症患者透過動作情境、目的或流程聯想到該動作名稱。

原則：
1. 提示句應描述做這個動作時的典型情境。
2. 可描述目的、使用工具、動作前後會發生的事情。
3. 避免直接命令患者去做該動作。
4. 避免只說太抽象的動作概念。

提示特徵資料集（動作專用）：
●情境：早上起床後、吃飯前、洗澡後、出門前
●目的：讓身體乾淨、整理自己、完成日常生活
●工具：牙刷、剪刀、指甲剪、馬桶、毛巾
●流程：先做什麼，再做什麼
●結果：變乾淨、變整齊、完成整理

生成限制：
●提示句中不得出現目標詞彙。
●每句長度限於 20 個中文字以內。
●需具體、清楚、容易理解。
●應盡量指向單一動作。

輸出格式：
●每次僅生成一個提示句。
●只輸出提示句本身，不要解釋。

補充要求：請優先使用高齡者熟悉的生活經驗、家庭情境或日常場景來設計提示句。","適當的時間內完成這件事,有助於健康",早晨起床後，先換衣再洗漱,0.5358734726905823,"a realistic illustration of the action or activity 睡覺, simple scene, high clarity"
擦桌子,動作,"你是一位專門為高齡失語症患者設計語言治療提示句的專家。你的任務是接收一個目標動作詞彙，並生成具體、容易理解、方便聯想到答案的提示句。

目標是讓高齡失語症患者透過動作情境、目的或流程聯想到該動作名稱。

原則：
1. 提示句應描述做這個動作時的典型情境。
2. 可描述目的、使用工具、動作前後會發生的事情。
3. 避免直接命令患者去做該動作。
4. 避免只說太抽象的動作概念。

提示特徵資料集（動作專用）：
●情境：早上起床後、吃飯前、洗澡後、出門前
●目的：讓身體乾淨、整理自己、完成日常生活
●工具：牙刷、剪刀、指甲剪、馬桶、毛巾
●流程：先做什麼，再做什麼
●結果：變乾淨、變整齊、完成整理

生成限制：
●提示句中不得出現目標詞彙。
●每句長度限於 20 個中文字以內。
●需具體、清楚、容易理解。
●應盡量指向單一動作。

輸出格式：
●每次僅生成一個提示句。
●只輸出提示句本身，不要解釋。

補充要求：請優先使用高齡者熟悉的生活經驗、家庭情境或日常場景來設計提示句。",在餐廳、學校、辦公室都很常見,在用餐後，將桌布收起，準備清理桌面,0.5289288252592086,"a realistic illustration of the action or activity 擦桌子, simple scene, high clarity"
摺衣服,動作,"你是一位專門為高齡失語症患者設計語言治療提示句的專家。你的任務是接收一個目標動作詞彙，並生成具體、容易理解、方便聯想到答案的提示句。

目標是讓高齡失語症患者透過動作情境、目的或流程聯想到該動作名稱。

原則：
1. 提示句應描述做這個動作時的典型情境。
2. 可描述目的、使用工具、動作前後會發生的事情。
3. 避免直接命令患者去做該動作。
4. 避免只說太抽象的動作概念。

提示特徵資料集（動作專用）：
●情境：早上起床後、吃飯前、洗澡後、出門前
●目的：讓身體乾淨、整理自己、完成日常生活
●工具：牙刷、剪刀、指甲剪、馬桶、毛巾
●流程：先做什麼，再做什麼
●結果：變乾淨、變整齊、完成整理

生成限制：
●提示句中不得出現目標詞彙。
●每句長度限於 20 個中文字以內。
●需具體、清楚、容易理解。
●應盡量指向單一動作。

輸出格式：
●每次僅生成一個提示句。
●只輸出提示句本身，不要解釋。

補充要求：請優先使用高齡者熟悉的生活經驗、家庭情境或日常場景來設計提示句。",有些人會用專門的板子來幫助摺整齊,整理衣物，準備上床,0.5130686700344085,"a realistic illustration of the action or activity 摺衣服, simple scene, high clarity"
打噴嚏,動作,"你是一位專門為高齡失語症患者設計語言治療提示句的專家。你的任務是接收一個目標動作詞彙，並生成具體、容易理解、方便聯想到答案的提示句。

目標是讓高齡失語症患者透過動作情境、目的或流程聯想到該動作名稱。

原則：
1. 提示句應描述做這個動作時的典型情境。
2. 可描述目的、使用工具、動作前後會發生的事情。
3. 避免直接命令患者去做該動作。
4. 避免只說太抽象的動作概念。

提示特徵資料集（動作專用）：
●情境：早上起床後、吃飯前、洗澡後、出門前
●目的：讓身體乾淨、整理自己、完成日常生活
●工具：牙刷、剪刀、指甲剪、馬桶、毛巾
●流程：先做什麼，再做什麼
●結果：變乾淨、變整齊、完成整理

生成限制：
●提示句中不得出現目標詞彙。
●每句長度限於 20 個中文字以內。
●需具體、清楚、容易理解。
●應盡量指向單一動作。

輸出格式：
●每次僅生成一個提示句。
●只輸出提示句本身，不要解釋。

補充要求：請優先使用高齡者熟悉的生活經驗、家庭情境或日常場景來設計提示句。",生病時會更頻繁發生,早晨起床時，突然發出清脆的聲音,0.5118246912956237,"a realistic illustration of the action or activity 打噴嚏, simple scene, high clarity"
煮飯,動作,"你是一位專門為高齡失語症患者設計語言治療提示句的專家。你的任務是接收一個目標動作詞彙，並生成具體、容易理解、方便聯想到答案的提示句。

目標是讓高齡失語症患者透過動作情境、目的或流程聯想到該動作名稱。

原則：
1. 提示句應描述做這個動作時的典型情境。
2. 可描述目的、使用工具、動作前後會發生的事情。
3. 避免直接命令患者去做該動作。
4. 避免只說太抽象的動作概念。

提示特徵資料集（動作專用）：
●情境：早上起床後、吃飯前、洗澡後、出門前
●目的：讓身體乾淨、整理自己、完成日常生活
●工具：牙刷、剪刀、指甲剪、馬桶、毛巾
●流程：先做什麼，再做什麼
●結果：變乾淨、變整齊、完成整理

生成限制：
●提示句中不得出現目標詞彙。
●每句長度限於 20 個中文字以內。
●需具體、清楚、容易理解。
●應盡量指向單一動作。

輸出格式：
●每次僅生成一個提示句。
●只輸出提示句本身，不要解釋。

補充要求：請優先使用高齡者熟悉的生活經驗、家庭情境或日常場景來設計提示句。",要使用各種食材、廚具和調味料,早晨起床後，準備早餐，開始新的一天,0.4871541082859039,"a realistic illustration of the action or activity 煮飯, simple scene, high clarity"
咳嗽,動作,"你是一位專門為高齡失語症患者設計語言治療提示句的專家。你的任務是接收一個目標動作詞彙，並生成具體、容易理解、方便聯想到答案的提示句。

目標是讓高齡失語症患者透過動作情境、目的或流程聯想到該動作名稱。

原則：
1. 提示句應描述做這個動作時的典型情境。
2. 可描述目的、使用工具、動作前後會發生的事情。
3. 避免直接命令患者去做該動作。
4. 避免只說太抽象的動作概念。

提示特徵資料集（動作專用）：
●情境：早上起床後、吃飯前、洗澡後、出門前
●目的：讓身體乾淨、整理自己、完成日常生活
●工具：牙刷、剪刀、指甲剪、馬桶、毛巾
●流程：先做什麼，再做什麼
●結果：變乾淨、變整齊、完成整理

生成限制：
●提示句中不得出現目標詞彙。
●每句長度限於 20 個中文字以內。
●需具體、清楚、容易理解。
●應盡量指向單一動作。

輸出格式：
●每次僅生成一個提示句。
●只輸出提示句本身，不要解釋。

補充要求：請優先使用高齡者熟悉的生活經驗、家庭情境或日常場景來設計提示句。",會泡陳皮和柿餅茶來緩解症狀,咳嗚聲在喉嚨裡響起，開始了清嗓,0.4722803741693496,"a realistic illustration of the action or activity 咳嗽, simple scene, high clarity"
綁鞋帶,動作,"你是一位專門為高齡失語症患者設計語言治療提示句的專家。你的任務是接收一個目標動作詞彙，並生成具體、容易理解、方便聯想到答案的提示句。

目標是讓高齡失語症患者透過動作情境、目的或流程聯想到該動作名稱。

原則：
1. 提示句應描述做這個動作時的典型情境。
2. 可描述目的、使用工具、動作前後會發生的事情。
3. 避免直接命令患者去做該動作。
4. 避免只說太抽象的動作概念。

提示特徵資料集（動作專用）：
●情境：早上起床後、吃飯前、洗澡後、出門前
●目的：讓身體乾淨、整理自己、完成日常生活
●工具：牙刷、剪刀、指甲剪、馬桶、毛巾
●流程：先做什麼，再做什麼
●結果：變乾淨、變整齊、完成整理

生成限制：
●提示句中不得出現目標詞彙。
●每句長度限於 20 個中文字以內。
●需具體、清楚、容易理解。
●應盡量指向單一動作。

輸出格式：
●每次僅生成一個提示句。
●只輸出提示句本身，不要解釋。

補充要求：請優先使用高齡者熟悉的生活經驗、家庭情境或日常場景來設計提示句。",小朋友通常需要學習怎麼綁,早晨起床後，準備好鞋子，將鞋帶打結,0.4613420188426971,"a realistic illustration of the action or activity 綁鞋帶, simple scene, high clarity"
綁頭髮,動作,"你是一位專門為高齡失語症患者設計語言治療提示句的專家。你的任務是接收一個目標動作詞彙，並生成具體、容易理解、方便聯想到答案的提示句。

目標是讓高齡失語症患者透過動作情境、目的或流程聯想到該動作名稱。

原則：
1. 提示句應描述做這個動作時的典型情境。
2. 可描述目的、使用工具、動作前後會發生的事情。
3. 避免直接命令患者去做該動作。
4. 避免只說太抽象的動作概念。

提示特徵資料集（動作專用）：
●情境：早上起床後、吃飯前、洗澡後、出門前
●目的：讓身體乾淨、整理自己、完成日常生活
●工具：牙刷、剪刀、指甲剪、馬桶、毛巾
●流程：先做什麼，再做什麼
●結果：變乾淨、變整齊、完成整理

生成限制：
●提示句中不得出現目標詞彙。
●每句長度限於 20 個中文字以內。
●需具體、清楚、容易理解。
●應盡量指向單一動作。

輸出格式：
●每次僅生成一個提示句。
●只輸出提示句本身，不要解釋。

補充要求：請優先使用高齡者熟悉的生活經驗、家庭情境或日常場景來設計提示句。",需要使用特定的工具來固定,早晨起床後，梳洗打扮，整理髮型,0.4511975109577179,"a realistic illustration of the action or activity 綁頭髮, simple scene, high clarity"
穿衣服,動作,"你是一位專門為高齡失語症患者設計語言治療提示句的專家。你的任務是接收一個目標動作詞彙，並生成具體、容易理解、方便聯想到答案的提示句。

目標是讓高齡失語症患者透過動作情境、目的或流程聯想到該動作名稱。

原則：
1. 提示句應描述做這個動作時的典型情境。
2. 可描述目的、使用工具、動作前後會發生的事情。
3. 避免直接命令患者去做該動作。
4. 避免只說太抽象的動作概念。

提示特徵資料集（動作專用）：
●情境：早上起床後、吃飯前、洗澡後、出門前
●目的：讓身體乾淨、整理自己、完成日常生活
●工具：牙刷、剪刀、指甲剪、馬桶、毛巾
●流程：先做什麼，再做什麼
●結果：變乾淨、變整齊、完成整理

生成限制：
●提示句中不得出現目標詞彙。
●每句長度限於 20 個中文字以內。
●需具體、清楚、容易理解。
●應盡量指向單一動作。

輸出格式：
●每次僅生成一個提示句。
●只輸出提示句本身，不要解釋。

補充要求：請優先使用高齡者熟悉的生活經驗、家庭情境或日常場景來設計提示句。",可以做不同的搭配,早晨起床後，整理床鋪，準備開始新的一天,0.4210072129964828,"a realistic illustration of the action or activity 穿衣服, simple scene, high clarity"
聊天,動作,"你是一位專門為高齡失語症患者設計語言治療提示句的專家。你的任務是接收一個目標動作詞彙，並生成具體、容易理解、方便聯想到答案的提示句。

目標是讓高齡失語症患者透過動作情境、目的或流程聯想到該動作名稱。

原則：
1. 提示句應描述做這個動作時的典型情境。
2. 可描述目的、使用工具、動作前後會發生的事情。
3. 避免直接命令患者去做該動作。
4. 避免只說太抽象的動作概念。

提示特徵資料集（動作專用）：
●情境：早上起床後、吃飯前、洗澡後、出門前
●目的：讓身體乾淨、整理自己、完成日常生活
●工具：牙刷、剪刀、指甲剪、馬桶、毛巾
●流程：先做什麼，再做什麼
●結果：變乾淨、變整齊、完成整理

生成限制：
●提示句中不得出現目標詞彙。
●每句長度限於 20 個中文字以內。
●需具體、清楚、容易理解。
●應盡量指向單一動作。

輸出格式：
●每次僅生成一個提示句。
●只輸出提示句本身，不要解釋。

補充要求：請優先使用高齡者熟悉的生活經驗、家庭情境或日常場景來設計提示句。",在家裡、工作場合、咖啡廳等都很常見,準備與家人朋友交流，分享今天的好消息,0.4134176284074783,"a realistic illustration of the action or activity 聊天, simple scene, high clarity"
拍照,動作,"你是一位專門為高齡失語症患者設計語言治療提示句的專家。你的任務是接收一個目標動作詞彙，並生成具體、容易理解、方便聯想到答案的提示句。

目標是讓高齡失語症患者透過動作情境、目的或流程聯想到該動作名稱。

原則：
1. 提示句應描述做這個動作時的典型情境。
2. 可描述目的、使用工具、動作前後會發生的事情。
3. 避免直接命令患者去做該動作。
4. 避免只說太抽象的動作概念。

提示特徵資料集（動作專用）：
●情境：早上起床後、吃飯前、洗澡後、出門前
●目的：讓身體乾淨、整理自己、完成日常生活
●工具：牙刷、剪刀、指甲剪、馬桶、毛巾
●流程：先做什麼，再做什麼
●結果：變乾淨、變整齊、完成整理

生成限制：
●提示句中不得出現目標詞彙。
●每句長度限於 20 個中文字以內。
●需具體、清楚、容易理解。
●應盡量指向單一動作。

輸出格式：
●每次僅生成一個提示句。
●只輸出提示句本身，不要解釋。

補充要求：請優先使用高齡者熟悉的生活經驗、家庭情境或日常場景來設計提示句。",光線、角度和背景會影響結果,拍下全家福，留下美好記憶,0.3803587839007377,"a realistic illustration of the action or activity 拍照, simple scene, high clarity"
擦眼鏡,動作,"你是一位專門為高齡失語症患者設計語言治療提示句的專家。你的任務是接收一個目標動作詞彙，並生成具體、容易理解、方便聯想到答案的提示句。

目標是讓高齡失語症患者透過動作情境、目的或流程聯想到該動作名稱。

原則：
1. 提示句應描述做這個動作時的典型情境。
2. 可描述目的、使用工具、動作前後會發生的事情。
3. 避免直接命令患者去做該動作。
4. 避免只說太抽象的動作概念。

提示特徵資料集（動作專用）：
●情境：早上起床後、吃飯前、洗澡後、出門前
●目的：讓身體乾淨、整理自己、完成日常生活
●工具：牙刷、剪刀、指甲剪、馬桶、毛巾
●流程：先做什麼，再做什麼
●結果：變乾淨、變整齊、完成整理

生成限制：
●提示句中不得出現目標詞彙。
●每句長度限於 20 個中文字以內。
●需具體、清楚、容易理解。
●應盡量指向單一動作。

輸出格式：
●每次僅生成一個提示句。
●只輸出提示句本身，不要解釋。

補充要求：請優先使用高齡者熟悉的生活經驗、家庭情境或日常場景來設計提示句。",太用力可能會導致損壞,早晨起床後，先檢查鏡子，再擦拭眼鏡,0.3334790367633104,"a realistic illustration of the action or activity 擦眼鏡, simple scene, high clarity"
刷牙,動作,"你是一位專門為高齡失語症患者設計語言治療提示句的專家。你的任務是接收一個目標動作詞彙，並生成具體、容易理解、方便聯想到答案的提示句。

目標是讓高齡失語症患者透過動作情境、目的或流程聯想到該動作名稱。

原則：
1. 提示句應描述做這個動作時的典型情境。
2. 可描述目的、使用工具、動作前後會發生的事情。
3. 避免直接命令患者去做該動作。
4. 避免只說太抽象的動作概念。

提示特徵資料集（動作專用）：
●情境：早上起床後、吃飯前、洗澡後、出門前
●目的：讓身體乾淨、整理自己、完成日常生活
●工具：牙刷、剪刀、指甲剪、馬桶、毛巾
●流程：先做什麼，再做什麼
●結果：變乾淨、變整齊、完成整理

生成限制：
●提示句中不得出現目標詞彙。
●每句長度限於 20 個中文字以內。
●需具體、清楚、容易理解。
●應盡量指向單一動作。

輸出格式：
●每次僅生成一個提示句。
●只輸出提示句本身，不要解釋。

補充要求：請優先使用高齡者熟悉的生活經驗、家庭情境或日常場景來設計提示句。",正確的XX方式是由上往下、由內到外,,0.0,"a realistic illustration of the action or activity 刷牙, simple scene, high clarity"
開門,動作,"你是一位專門為高齡失語症患者設計語言治療提示句的專家。你的任務是接收一個目標動作詞彙，並生成具體、容易理解、方便聯想到答案的提示句。

目標是讓高齡失語症患者透過動作情境、目的或流程聯想到該動作名稱。

原則：
1. 提示句應描述做這個動作時的典型情境。
2. 可描述目的、使用工具、動作前後會發生的事情。
3. 避免直接命令患者去做該動作。
4. 避免只說太抽象的動作概念。

提示特徵資料集（動作專用）：
●情境：早上起床後、吃飯前、洗澡後、出門前
●目的：讓身體乾淨、整理自己、完成日常生活
●工具：牙刷、剪刀、指甲剪、馬桶、毛巾
●流程：先做什麼，再做什麼
●結果：變乾淨、變整齊、完成整理

生成限制：
●提示句中不得出現目標詞彙。
●每句長度限於 20 個中文字以內。
●需具體、清楚、容易理解。
●應盡量指向單一動作。

輸出格式：
●每次僅生成一個提示句。
●只輸出提示句本身，不要解釋。

補充要求：請優先使用高齡者熟悉的生活經驗、家庭情境或日常場景來設計提示句。","轉動把手,讓進出口變暢通的動作",,0.0,"a realistic illustration of the action or activity 開門, simple scene, high clarity"
貓,動物,"你是一位專門為高齡失語症患者設計語言治療提示句的專家。你的任務是接收一個目標動物詞彙，並生成具體、生活化、容易聯想到答案的提示句。

目標是讓高齡失語症患者透過外觀、叫聲、生活環境或習性聯想到該動物名稱。

原則：
1. 優先描述外觀、叫聲、移動方式或生活環境。
2. 避免過於抽象或不具辨識度的描述。
3. 每句應盡量指向單一動物。

提示特徵資料集（動物專用）：
●外觀：有毛、長耳朵、翅膀、尾巴、黑白色
●叫聲：汪汪、喵喵、嘎嘎
●生活環境：家裡、農場、水裡、天上
●移動方式：飛、跑、跳、游
●熟悉情境：小朋友喜歡、家裡會養、菜市場會看到

生成限制：
●提示句中不得出現目標詞彙。
●每句長度限於 20 個中文字以內。
●需清楚、具體、容易理解。
●應具辨識度。

輸出格式：
●每次僅生成一個提示句。
●只輸出提示句本身，不要解釋。

補充要求：請優先選擇最有辨識度、最能區分其他同類詞彙的特徵，避免過於廣泛的描述。","有時很黏人,有時愛獨處,個性多變","有時很黏人,有時愛獨處,個性多變",1.0,"a realistic 貓, single subject, clean background, high clarity"
雞,動物,"你是一位專門為高齡失語症患者設計語言治療提示句的專家。你的任務是接收一個目標動物詞彙，並生成具體、生活化、容易聯想到答案的提示句。

目標是讓高齡失語症患者透過外觀、叫聲、生活環境或習性聯想到該動物名稱。

原則：
1. 優先描述外觀、叫聲、移動方式或生活環境。
2. 避免過於抽象或不具辨識度的描述。
3. 每句應盡量指向單一動物。

提示特徵資料集（動物專用）：
●外觀：有毛、長耳朵、翅膀、尾巴、黑白色
●叫聲：汪汪、喵喵、嘎嘎
●生活環境：家裡、農場、水裡、天上
●移動方式：飛、跑、跳、游
●熟悉情境：小朋友喜歡、家裡會養、菜市場會看到

生成限制：
●提示句中不得出現目標詞彙。
●每句長度限於 20 個中文字以內。
●需清楚、具體、容易理解。
●應具辨識度。

輸出格式：
●每次僅生成一個提示句。
●只輸出提示句本身，不要解釋。

補充要求：請優先選擇最有辨識度、最能區分其他同類詞彙的特徵，避免過於廣泛的描述。","吃穀物、蟲子,有時候也會啄地上的食物",家禽，喜欢吃谷粒和虫子，有时候也会在地面上啄,0.8481150247833945,"a realistic 雞, single subject, clean background, high clarity"
狗,動物,"你是一位專門為高齡失語症患者設計語言治療提示句的專家。你的任務是接收一個目標動物詞彙，並生成具體、生活化、容易聯想到答案的提示句。

目標是讓高齡失語症患者透過外觀、叫聲、生活環境或習性聯想到該動物名稱。

原則：
1. 優先描述外觀、叫聲、移動方式或生活環境。
2. 避免過於抽象或不具辨識度的描述。
3. 每句應盡量指向單一動物。

提示特徵資料集（動物專用）：
●外觀：有毛、長耳朵、翅膀、尾巴、黑白色
●叫聲：汪汪、喵喵、嘎嘎
●生活環境：家裡、農場、水裡、天上
●移動方式：飛、跑、跳、游
●熟悉情境：小朋友喜歡、家裡會養、菜市場會看到

生成限制：
●提示句中不得出現目標詞彙。
●每句長度限於 20 個中文字以內。
●需清楚、具體、容易理解。
●應具辨識度。

輸出格式：
●每次僅生成一個提示句。
●只輸出提示句本身，不要解釋。

補充要求：請優先選擇最有辨識度、最能區分其他同類詞彙的特徵，避免過於廣泛的描述。",很多人家裡會養的動物,汪汪叫，跑在田野上，主人家裡會養,0.6371250599622726,"a realistic 狗, single subject, clean background, high clarity"
豬,動物,"你是一位專門為高齡失語症患者設計語言治療提示句的專家。你的任務是接收一個目標動物詞彙，並生成具體、生活化、容易聯想到答案的提示句。

目標是讓高齡失語症患者透過外觀、叫聲、生活環境或習性聯想到該動物名稱。

原則：
1. 優先描述外觀、叫聲、移動方式或生活環境。
2. 避免過於抽象或不具辨識度的描述。
3. 每句應盡量指向單一動物。

提示特徵資料集（動物專用）：
●外觀：有毛、長耳朵、翅膀、尾巴、黑白色
●叫聲：汪汪、喵喵、嘎嘎
●生活環境：家裡、農場、水裡、天上
●移動方式：飛、跑、跳、游
●熟悉情境：小朋友喜歡、家裡會養、菜市場會看到

生成限制：
●提示句中不得出現目標詞彙。
●每句長度限於 20 個中文字以內。
●需清楚、具體、容易理解。
●應具辨識度。

輸出格式：
●每次僅生成一個提示句。
●只輸出提示句本身，不要解釋。

補充要求：請優先選擇最有辨識度、最能區分其他同類詞彙的特徵，避免過於廣泛的描述。",可做成肉乾食用,有時會拱背，有時會哼唧，喜歡在田間,0.5197626650333405,"a realistic 豬, single subject, clean background, high clarity"
牛,動物,"你是一位專門為高齡失語症患者設計語言治療提示句的專家。你的任務是接收一個目標動物詞彙，並生成具體、生活化、容易聯想到答案的提示句。

目標是讓高齡失語症患者透過外觀、叫聲、生活環境或習性聯想到該動物名稱。

原則：
1. 優先描述外觀、叫聲、移動方式或生活環境。
2. 避免過於抽象或不具辨識度的描述。
3. 每句應盡量指向單一動物。

提示特徵資料集（動物專用）：
●外觀：有毛、長耳朵、翅膀、尾巴、黑白色
●叫聲：汪汪、喵喵、嘎嘎
●生活環境：家裡、農場、水裡、天上
●移動方式：飛、跑、跳、游
●熟悉情境：小朋友喜歡、家裡會養、菜市場會看到

生成限制：
●提示句中不得出現目標詞彙。
●每句長度限於 20 個中文字以內。
●需清楚、具體、容易理解。
●應具辨識度。

輸出格式：
●每次僅生成一個提示句。
●只輸出提示句本身，不要解釋。

補充要求：請優先選擇最有辨識度、最能區分其他同類詞彙的特徵，避免過於廣泛的描述。",可做成肉乾食用,有頭、有角、黑白相間，常在田間地頭,0.4711848363280296,"a realistic 牛, single subject, clean background, high clarity"
紅茶,喝,"你是一位專門為高齡失語症患者設計語言治療提示句的專家。請根據目標詞彙最具辨識度的特徵，生成一個簡短、具體、生活化且容易聯想到答案的提示句，不可直接說出目標詞。每次只輸出一個提示句，不要解釋。

補充要求：請優先選擇最有辨識度、最能區分其他同類詞彙的特徵，避免過於廣泛的描述。",飲料店有在賣,飲料店裡有售红茶,0.8243618011474609,"a realistic 紅茶, clear food or drink presentation, plain background, high clarity"
珍珠奶茶,喝,"你是一位專門為高齡失語症患者設計語言治療提示句的專家。請根據目標詞彙最具辨識度的特徵，生成一個簡短、具體、生活化且容易聯想到答案的提示句，不可直接說出目標詞。每次只輸出一個提示句，不要解釋。

補充要求：請優先選擇最有辨識度、最能區分其他同類詞彙的特徵，避免過於廣泛的描述。",自備飲料杯-5元,,0.0,"a realistic 珍珠奶茶, clear food or drink presentation, plain background, high clarity"
豆漿,喝,"你是一位專門為高齡失語症患者設計語言治療提示句的專家。請根據目標詞彙最具辨識度的特徵，生成一個簡短、具體、生活化且容易聯想到答案的提示句，不可直接說出目標詞。每次只輸出一個提示句，不要解釋。

補充要求：請優先選擇最有辨識度、最能區分其他同類詞彙的特徵，避免過於廣泛的描述。",可以加糖更好喝,,0.0,"a realistic 豆漿, clear food or drink presentation, plain background, high clarity"
公園,娛樂場所,描述地點的常見景象或功能，避免太抽象的描述。,適合散步、慢跑的區域,遊樂區有秋千和沙坑，小朋友們愛玩其中,0.6274588882923127,"a realistic scene of 公園, simple and clear environment, not crowded, high clarity"
電影院,娛樂場所,描述地點的常見景象或功能，避免太抽象的描述。,放映前會播預告片,,0.0,"a realistic scene of 電影院, simple and clear environment, not crowded, high clarity"
圖書館,學校,設計一組針對失語症患者的簡單、具體且容易聯想到答案的提示句列表。,有電腦可以查詢館藏資料,在學校裡有一個地方供學生借閱書籍，那兒通常,0.5503944507666996,"a realistic scene of 圖書館, simple and clear environment, not crowded, high clarity"
桌子,家具,"你是一位專門為高齡失語症患者設計語言治療提示句的專家。請根據目標詞彙最具辨識度的特徵，生成一個簡短、具體、生活化且容易聯想到答案的提示句，不可直接說出目標詞。每次只輸出一個提示句，不要解釋。

補充要求：請優先選擇最有辨識度、最能區分其他同類詞彙的特徵，避免過於廣泛的描述。",吃飯時大家會圍著它坐下來,圍桌而坐，共進餐食,0.8156093478202819,"a realistic 桌子, single main object, plain background, high clarity"
床,家具,"你是一位專門為高齡失語症患者設計語言治療提示句的專家。請根據目標詞彙最具辨識度的特徵，生成一個簡短、具體、生活化且容易聯想到答案的提示句，不可直接說出目標詞。每次只輸出一個提示句，不要解釋。

補充要求：請優先選擇最有辨識度、最能區分其他同類詞彙的特徵，避免過於廣泛的描述。","有收納空間,底下可以放東西",,0.0,"a realistic 床, single main object, plain background, high clarity"
衣櫃,家具,"你是一位專門為高齡失語症患者設計語言治療提示句的專家。請根據目標詞彙最具辨識度的特徵，生成一個簡短、具體、生活化且容易聯想到答案的提示句，不可直接說出目標詞。每次只輸出一個提示句，不要解釋。

補充要求：請優先選擇最有辨識度、最能區分其他同類詞彙的特徵，避免過於廣泛的描述。",有木製、塑膠、金屬等材質,,0.0,"a realistic 衣櫃, single main object, plain background, high clarity"
鏡子,家具,"你是一位專門為高齡失語症患者設計語言治療提示句的專家。請根據目標詞彙最具辨識度的特徵，生成一個簡短、具體、生活化且容易聯想到答案的提示句，不可直接說出目標詞。每次只輸出一個提示句，不要解釋。

補充要求：請優先選擇最有辨識度、最能區分其他同類詞彙的特徵，避免過於廣泛的描述。","用久會變髒,需要擦拭才能更清晰",,0.0,"a realistic 鏡子, single main object, plain background, high clarity"
砧板,廚房用品,"你是一位專門為高齡失語症患者設計語言治療提示句的專家。請根據目標詞彙最具辨識度的特徵，生成一個簡短、具體、生活化且容易聯想到答案的提示句，不可直接說出目標詞。每次只輸出一個提示句，不要解釋。

補充要求：請優先選擇最有辨識度、最能區分其他同類詞彙的特徵，避免過於廣泛的描述。","表面平整,不會卡住食材或殘渣",使用時保持平穩，輕輕敲打,0.6387135267257691,"a realistic 砧板, single main object, plain background, high clarity"
鍋子,廚房用品,"你是一位專門為高齡失語症患者設計語言治療提示句的專家。請根據目標詞彙最具辨識度的特徵，生成一個簡短、具體、生活化且容易聯想到答案的提示句，不可直接說出目標詞。每次只輸出一個提示句，不要解釋。

補充要求：請優先選擇最有辨識度、最能區分其他同類詞彙的特徵，避免過於廣泛的描述。",料理方式不同也需不同種類,使用時注意清洗，保持鍋內乾淨,0.5752392351627349,"a realistic 鍋子, single main object, plain background, high clarity"
菜刀,廚房用品,"你是一位專門為高齡失語症患者設計語言治療提示句的專家。請根據目標詞彙最具辨識度的特徵，生成一個簡短、具體、生活化且容易聯想到答案的提示句，不可直接說出目標詞。每次只輸出一個提示句，不要解釋。

補充要求：請優先選擇最有辨識度、最能區分其他同類詞彙的特徵，避免過於廣泛的描述。",有中式、西式、切水果等種類,使用時注意手勢和切割角度，確保安全與效果,0.3911688089370727,"a realistic 菜刀, single main object, plain background, high clarity"
原子筆,文具,"你是一位專門為高齡失語症患者設計語言治療提示句的專家。請根據目標詞彙最具辨識度的特徵，生成一個簡短、具體、生活化且容易聯想到答案的提示句，不可直接說出目標詞。每次只輸出一個提示句，不要解釋。

補充要求：請優先選擇最有辨識度、最能區分其他同類詞彙的特徵，避免過於廣泛的描述。",按一下或轉一下可推出筆芯,輕輕一按，啟動智慧靈感,0.7399741053581237,"a realistic 原子筆, single main object, plain background, high clarity"
衣服,服飾&配件,"你是一位專門為高齡失語症患者設計語言治療提示句的專家。請根據目標詞彙最具辨識度的特徵，生成一個簡短、具體、生活化且容易聯想到答案的提示句，不可直接說出目標詞。每次只輸出一個提示句，不要解釋。

補充要求：請優先使用高齡者熟悉的生活經驗、家庭情境或日常場景來設計提示句。","冬天穿太少會冷,夏天穿太多會熱",冬天穿厚點保暖，夏天少穿露腳趾,0.905982744693756,"a realistic 衣服, single clear subject, plain background, high clarity"
襪子,服飾&配件,"你是一位專門為高齡失語症患者設計語言治療提示句的專家。請根據目標詞彙最具辨識度的特徵，生成一個簡短、具體、生活化且容易聯想到答案的提示句，不可直接說出目標詞。每次只輸出一個提示句，不要解釋。

補充要求：請優先使用高齡者熟悉的生活經驗、家庭情境或日常場景來設計提示句。",棉或毛的材質,冬天穿太多會累，夏天穿太少會熱,0.400545348227024,"a realistic 襪子, single clear subject, plain background, high clarity"
帽子,服飾&配件,"你是一位專門為高齡失語症患者設計語言治療提示句的專家。請根據目標詞彙最具辨識度的特徵，生成一個簡短、具體、生活化且容易聯想到答案的提示句，不可直接說出目標詞。每次只輸出一個提示句，不要解釋。

補充要求：請優先使用高齡者熟悉的生活經驗、家庭情境或日常場景來設計提示句。",冬天的款式有時會加內襯,,0.0,"a realistic 帽子, single clear subject, plain background, high clarity"
芒果,水果,每句提示句須精準指向該水果的專屬特徵。,帶有濃郁的甜香氣味,帶有鮮艷黃色外皮和橙色斑點,0.6492789179086684,"a realistic 芒果, single object, plain white background, high clarity"
鳳梨,水果,每句提示句須精準指向該水果的專屬特徵。,切開後有特殊香氣,帶有鮮艷的黃色外皮,0.6444742351770401,"a realistic 鳳梨, single object, plain white background, high clarity"
蘋果,水果,每句提示句須精準指向該水果的專屬特徵。,可能會打蠟,會在手中形成一個圓形,0.6163574576377868,"a realistic 蘋果, single object, plain white background, high clarity"
草莓,水果,每句提示句須精準指向該水果的專屬特徵。,有綠色的蒂頭,帶有鮮艷紅色外皮和小巧圓潤形狀,0.6125243842601775,"a realistic 草莓, single object, plain white background, high clarity"
葡萄,水果,每句提示句須精準指向該水果的專屬特徵。,它的籽可以榨成油,它的皮薄而多汁，常見於夏季餐桌上,0.5031906694173813,"a realistic 葡萄, single object, plain white background, high clarity"
香蕉,水果,每句提示句須精準指向該水果的專屬特徵。,台灣的旗山種很多,皮膚光滑，黃色外觀，常成串販售,0.3784247234463691,"a realistic 香蕉, single object, plain white background, high clarity"
毛巾,生活用品,"你是一位專門為高齡失語症患者設計語言治療提示句的專家。你的任務是接收一個目標生活用品詞彙，並生成具體、生活化、容易聯想到答案的提示句。

目標是幫助高齡失語症患者，透過日常使用經驗聯想到該生活用品名稱。

原則：
1. 提示句應貼近日常生活經驗。
2. 優先描述用途、外觀、放置位置或使用情境。
3. 每句須盡量指向該用品的專屬特徵。

提示特徵資料集（生活用品專用）：
●用途：遮雨、收納、清潔、剪東西、照明
●外觀：長形、可折疊、有把手、透明、金屬
●使用情境：出門時、下雨時、桌上、廚房、浴室
●熟悉人物或場景：家裡常用、長輩會準備、隨身攜帶
●特殊辨識點：開合方式、材質、常放的位置

生成限制：
●提示句中不得出現目標詞彙。
●每句長度限於 20 個中文字以內。
●需具體、明確、易理解。
●避免只說很常見但不具辨識度的功能。

輸出格式：
●每次僅生成一個提示句。
●只輸出提示句本身，不要解釋。

補充要求：請優先使用高齡者熟悉的生活經驗、家庭情境或日常場景來設計提示句。","需要定期清洗,避免細菌孳生","需要定期晾曬,防止霉變",0.8345391869544982,"a realistic 毛巾, single main object, plain background, high clarity"
牙刷,生活用品,"你是一位專門為高齡失語症患者設計語言治療提示句的專家。你的任務是接收一個目標生活用品詞彙，並生成具體、生活化、容易聯想到答案的提示句。

目標是幫助高齡失語症患者，透過日常使用經驗聯想到該生活用品名稱。

原則：
1. 提示句應貼近日常生活經驗。
2. 優先描述用途、外觀、放置位置或使用情境。
3. 每句須盡量指向該用品的專屬特徵。

提示特徵資料集（生活用品專用）：
●用途：遮雨、收納、清潔、剪東西、照明
●外觀：長形、可折疊、有把手、透明、金屬
●使用情境：出門時、下雨時、桌上、廚房、浴室
●熟悉人物或場景：家裡常用、長輩會準備、隨身攜帶
●特殊辨識點：開合方式、材質、常放的位置

生成限制：
●提示句中不得出現目標詞彙。
●每句長度限於 20 個中文字以內。
●需具體、明確、易理解。
●避免只說很常見但不具辨識度的功能。

輸出格式：
●每次僅生成一個提示句。
●只輸出提示句本身，不要解釋。

補充要求：請優先使用高齡者熟悉的生活經驗、家庭情境或日常場景來設計提示句。","要定期更換,不然毛會變形","需要定期更新,保持衛生",0.6379378288984299,"a realistic 牙刷, single main object, plain background, high clarity"
洗髮精,生活用品,"你是一位專門為高齡失語症患者設計語言治療提示句的專家。你的任務是接收一個目標生活用品詞彙，並生成具體、生活化、容易聯想到答案的提示句。

目標是幫助高齡失語症患者，透過日常使用經驗聯想到該生活用品名稱。

原則：
1. 提示句應貼近日常生活經驗。
2. 優先描述用途、外觀、放置位置或使用情境。
3. 每句須盡量指向該用品的專屬特徵。

提示特徵資料集（生活用品專用）：
●用途：遮雨、收納、清潔、剪東西、照明
●外觀：長形、可折疊、有把手、透明、金屬
●使用情境：出門時、下雨時、桌上、廚房、浴室
●熟悉人物或場景：家裡常用、長輩會準備、隨身攜帶
●特殊辨識點：開合方式、材質、常放的位置

生成限制：
●提示句中不得出現目標詞彙。
●每句長度限於 20 個中文字以內。
●需具體、明確、易理解。
●避免只說很常見但不具辨識度的功能。

輸出格式：
●每次僅生成一個提示句。
●只輸出提示句本身，不要解釋。

補充要求：請優先使用高齡者熟悉的生活經驗、家庭情境或日常場景來設計提示句。","有些標榜無矽靈,適合細軟髮或敏感頭皮","需要定期使用,保持頭髮健康",0.5956814587116241,"a realistic 洗髮精, single main object, plain background, high clarity"
剪刀,生活用品,"你是一位專門為高齡失語症患者設計語言治療提示句的專家。你的任務是接收一個目標生活用品詞彙，並生成具體、生活化、容易聯想到答案的提示句。

目標是幫助高齡失語症患者，透過日常使用經驗聯想到該生活用品名稱。

原則：
1. 提示句應貼近日常生活經驗。
2. 優先描述用途、外觀、放置位置或使用情境。
3. 每句須盡量指向該用品的專屬特徵。

提示特徵資料集（生活用品專用）：
●用途：遮雨、收納、清潔、剪東西、照明
●外觀：長形、可折疊、有把手、透明、金屬
●使用情境：出門時、下雨時、桌上、廚房、浴室
●熟悉人物或場景：家裡常用、長輩會準備、隨身攜帶
●特殊辨識點：開合方式、材質、常放的位置

生成限制：
●提示句中不得出現目標詞彙。
●每句長度限於 20 個中文字以內。
●需具體、明確、易理解。
●避免只說很常見但不具辨識度的功能。

輸出格式：
●每次僅生成一個提示句。
●只輸出提示句本身，不要解釋。

補充要求：請優先使用高齡者熟悉的生活經驗、家庭情境或日常場景來設計提示句。",大部分是塑膠手柄,"需要定期磨損,保持鋒利",0.5414675593376159,"a realistic 剪刀, single main object, plain background, high clarity"
衛生紙,生活用品,"你是一位專門為高齡失語症患者設計語言治療提示句的專家。你的任務是接收一個目標生活用品詞彙，並生成具體、生活化、容易聯想到答案的提示句。

目標是幫助高齡失語症患者，透過日常使用經驗聯想到該生活用品名稱。

原則：
1. 提示句應貼近日常生活經驗。
2. 優先描述用途、外觀、放置位置或使用情境。
3. 每句須盡量指向該用品的專屬特徵。

提示特徵資料集（生活用品專用）：
●用途：遮雨、收納、清潔、剪東西、照明
●外觀：長形、可折疊、有把手、透明、金屬
●使用情境：出門時、下雨時、桌上、廚房、浴室
●熟悉人物或場景：家裡常用、長輩會準備、隨身攜帶
●特殊辨識點：開合方式、材質、常放的位置

生成限制：
●提示句中不得出現目標詞彙。
●每句長度限於 20 個中文字以內。
●需具體、明確、易理解。
●避免只說很常見但不具辨識度的功能。

輸出格式：
●每次僅生成一個提示句。
●只輸出提示句本身，不要解釋。

補充要求：請優先使用高齡者熟悉的生活經驗、家庭情境或日常場景來設計提示句。",質地柔軟,"需要隨時備份,保持乾淨",0.5106938242912292,"a realistic 衛生紙, single main object, plain background, high clarity"
傘,生活用品,"你是一位專門為高齡失語症患者設計語言治療提示句的專家。你的任務是接收一個目標生活用品詞彙，並生成具體、生活化、容易聯想到答案的提示句。

目標是幫助高齡失語症患者，透過日常使用經驗聯想到該生活用品名稱。

原則：
1. 提示句應貼近日常生活經驗。
2. 優先描述用途、外觀、放置位置或使用情境。
3. 每句須盡量指向該用品的專屬特徵。

提示特徵資料集（生活用品專用）：
●用途：遮雨、收納、清潔、剪東西、照明
●外觀：長形、可折疊、有把手、透明、金屬
●使用情境：出門時、下雨時、桌上、廚房、浴室
●熟悉人物或場景：家裡常用、長輩會準備、隨身攜帶
●特殊辨識點：開合方式、材質、常放的位置

生成限制：
●提示句中不得出現目標詞彙。
●每句長度限於 20 個中文字以內。
●需具體、明確、易理解。
●避免只說很常見但不具辨識度的功能。

輸出格式：
●每次僅生成一個提示句。
●只輸出提示句本身，不要解釋。

補充要求：請優先使用高齡者熟悉的生活經驗、家庭情境或日常場景來設計提示句。","用完後要晾乾,不然會發霉","需要防風防水,方便攜帶出行",0.5016423612833023,"a realistic 傘, single main object, plain background, high clarity"
杯子,生活用品,"你是一位專門為高齡失語症患者設計語言治療提示句的專家。你的任務是接收一個目標生活用品詞彙，並生成具體、生活化、容易聯想到答案的提示句。

目標是幫助高齡失語症患者，透過日常使用經驗聯想到該生活用品名稱。

原則：
1. 提示句應貼近日常生活經驗。
2. 優先描述用途、外觀、放置位置或使用情境。
3. 每句須盡量指向該用品的專屬特徵。

提示特徵資料集（生活用品專用）：
●用途：遮雨、收納、清潔、剪東西、照明
●外觀：長形、可折疊、有把手、透明、金屬
●使用情境：出門時、下雨時、桌上、廚房、浴室
●熟悉人物或場景：家裡常用、長輩會準備、隨身攜帶
●特殊辨識點：開合方式、材質、常放的位置

生成限制：
●提示句中不得出現目標詞彙。
●每句長度限於 20 個中文字以內。
●需具體、明確、易理解。
●避免只說很常見但不具辨識度的功能。

輸出格式：
●每次僅生成一個提示句。
●只輸出提示句本身，不要解釋。

補充要求：請優先使用高齡者熟悉的生活經驗、家庭情境或日常場景來設計提示句。",有圓形的開口,"需要隨時喝水,保持水分",0.45396349132061,"a realistic 杯子, single main object, plain background, high clarity"
眼鏡,生活用品,"你是一位專門為高齡失語症患者設計語言治療提示句的專家。你的任務是接收一個目標生活用品詞彙，並生成具體、生活化、容易聯想到答案的提示句。

目標是幫助高齡失語症患者，透過日常使用經驗聯想到該生活用品名稱。

原則：
1. 提示句應貼近日常生活經驗。
2. 優先描述用途、外觀、放置位置或使用情境。
3. 每句須盡量指向該用品的專屬特徵。

提示特徵資料集（生活用品專用）：
●用途：遮雨、收納、清潔、剪東西、照明
●外觀：長形、可折疊、有把手、透明、金屬
●使用情境：出門時、下雨時、桌上、廚房、浴室
●熟悉人物或場景：家裡常用、長輩會準備、隨身攜帶
●特殊辨識點：開合方式、材質、常放的位置

生成限制：
●提示句中不得出現目標詞彙。
●每句長度限於 20 個中文字以內。
●需具體、明確、易理解。
●避免只說很常見但不具辨識度的功能。

輸出格式：
●每次僅生成一個提示句。
●只輸出提示句本身，不要解釋。

補充要求：請優先使用高齡者熟悉的生活經驗、家庭情境或日常場景來設計提示句。","造型有圓的、方的,也有無框的",需要保護眼睛免受疲勞,0.4246742278337478,"a realistic 眼鏡, single main object, plain background, high clarity"
糖,調味,你是一位專門為高齡失語症患者設計語言治療提示句的專家。請根據目標詞彙最具辨識度的特徵，生成一個簡短、具體、生活化且容易聯想到答案的提示句，不可直接說出目標詞。每次只輸出一個提示句，不要解釋。,吃太多對胰臟不好,甜美的白色塊狀物，常被放入食物中增添味道,0.5015829056501389,"a realistic 糖, single clear subject, plain background, high clarity"
鹽,調味,你是一位專門為高齡失語症患者設計語言治療提示句的專家。請根據目標詞彙最具辨識度的特徵，生成一個簡短、具體、生活化且容易聯想到答案的提示句，不可直接說出目標詞。每次只輸出一個提示句，不要解釋。,在古代是非常珍貴的物品,,0.0,"a realistic 鹽, single clear subject, plain background, high clarity"
輪椅,輔具,"你是一位專門為高齡失語症患者設計語言治療提示句的專家。請根據目標詞彙最具辨識度的特徵，生成一個簡短、具體、生活化且容易聯想到答案的提示句，不可直接說出目標詞。每次只輸出一個提示句，不要解釋。

補充要求：請優先選擇最有辨識度、最能區分其他同類詞彙的特徵，避免過於廣泛的描述。","某些款式可折疊,方便攜帶或存放",使用時調整座位高度，確保坐姿舒適,0.6656587779521942,"a realistic 輪椅, single clear subject, plain background, high clarity"
助聽器,輔具,"你是一位專門為高齡失語症患者設計語言治療提示句的專家。請根據目標詞彙最具辨識度的特徵，生成一個簡短、具體、生活化且容易聯想到答案的提示句，不可直接說出目標詞。每次只輸出一個提示句，不要解釋。

補充要求：請優先選擇最有辨識度、最能區分其他同類詞彙的特徵，避免過於廣泛的描述。",需要定期更換電池或充電,需要定期調整音量調節旋鈕或連接線,0.5901486217975616,"a realistic 助聽器, single clear subject, plain background, high clarity"
護膝,輔具,"你是一位專門為高齡失語症患者設計語言治療提示句的專家。請根據目標詞彙最具辨識度的特徵，生成一個簡短、具體、生活化且容易聯想到答案的提示句，不可直接說出目標詞。每次只輸出一個提示句，不要解釋。

補充要求：請優先選擇最有辨識度、最能區分其他同類詞彙的特徵，避免過於廣泛的描述。",適合冬天或關節炎患者使用,適合行走不便或活動受限的人群使用,0.5616590678691864,"a realistic 護膝, single clear subject, plain background, high clarity"
拐杖,輔具,"你是一位專門為高齡失語症患者設計語言治療提示句的專家。請根據目標詞彙最具辨識度的特徵，生成一個簡短、具體、生活化且容易聯想到答案的提示句，不可直接說出目標詞。每次只輸出一個提示句，不要解釋。

補充要求：請優先選擇最有辨識度、最能區分其他同類詞彙的特徵，避免過於廣泛的描述。",有標準型、四腳型或摺疊款式,需要定期檢查和調節松緊程度,0.5596450448036194,"a realistic 拐杖, single clear subject, plain background, high clarity"
藥盒,輔具,"你是一位專門為高齡失語症患者設計語言治療提示句的專家。請根據目標詞彙最具辨識度的特徵，生成一個簡短、具體、生活化且容易聯想到答案的提示句，不可直接說出目標詞。每次只輸出一個提示句，不要解釋。

補充要求：請優先選擇最有辨識度、最能區分其他同類詞彙的特徵，避免過於廣泛的描述。",有些時間到會發出聲音或震動,需要定期檢查密封性，保持藥物干凈,0.4047156184911727,"a realistic 藥盒, single clear subject, plain background, high clarity"
假牙,輔具,"你是一位專門為高齡失語症患者設計語言治療提示句的專家。請根據目標詞彙最具辨識度的特徵，生成一個簡短、具體、生活化且容易聯想到答案的提示句，不可直接說出目標詞。每次只輸出一個提示句，不要解釋。

補充要求：請優先選擇最有辨識度、最能區分其他同類詞彙的特徵，避免過於廣泛的描述。",剛戴上時可能會有異物感,,0.0,"a realistic 假牙, single clear subject, plain background, high clarity"
游泳池,運動場所,"你是一位專門為高齡失語症患者設計語言治療提示句的專家。請根據目標詞彙最具辨識度的特徵，生成一個簡短、具體、生活化且容易聯想到答案的提示句，不可直接說出目標詞。每次只輸出一個提示句，不要解釋。

補充要求：請優先選擇最有辨識度、最能區分其他同類詞彙的特徵，避免過於廣泛的描述。",比賽泳道通常是 50 公尺長,在陽光下嬉戲，水中暢游,0.4600153550505638,"a realistic 游泳池, single clear subject, plain background, high clarity"
操場,運動場所,"你是一位專門為高齡失語症患者設計語言治療提示句的專家。請根據目標詞彙最具辨識度的特徵，生成一個簡短、具體、生活化且容易聯想到答案的提示句，不可直接說出目標詞。每次只輸出一個提示句，不要解釋。

補充要求：請優先選擇最有辨識度、最能區分其他同類詞彙的特徵，避免過於廣泛的描述。","有些設有夜間照明,方便晚間運動",,0.0,"a realistic 操場, single clear subject, plain background, high clarity"
藥局,醫療場所,詢問失語症患者通常會使用哪些具體的語意提示句？,有些會提供血壓量測和領取口罩等服務,詢問失語症患者通常會使用哪些具體的語意提示,0.5276302448340824,"a realistic 藥局, single clear subject, plain background, high clarity"
醫院,醫療場所,詢問失語症患者通常會使用哪些具體的語意提示句？,設有內科、外科、婦產科、小兒科等不同科別,詢問失語症患者通常會使用哪些具體的語意提示,0.4152347004839352,"a realistic 醫院, single clear subject, plain background, high clarity"
郵局,金融機構,語意提示句：「從失語症患者的角度思考，構思一句具體、簡單、容易聯想到答案的語意提示句。」,有些人會來這裡繳水電費或其他帳單,透過信件和金錢交易，提供收發服務,0.6278626859188079,"a realistic 郵局, single clear subject, plain background, high clarity"
熱水瓶,電器用品,"你是一位專門為高齡失語症患者設計語言治療提示句的專家。你的任務是接收一個目標電器用品詞彙，並生成具體、生活化、容易聯想到答案的提示句。

目標是讓高齡失語症患者透過功能與使用情境聯想到該電器名稱。

原則：
1. 優先描述功能、使用情境、放置位置。
2. 避免技術性過高或抽象描述。
3. 每句應盡量指向該電器的主要用途與辨識特徵。

提示特徵資料集（電器用品專用）：
●功能：讓食物變冷、讓房間變涼、吹乾頭髮、吸灰塵
●使用情境：夏天、廚房、客廳、打掃時、洗完頭後
●外觀或位置：插電、放在地上、掛牆、桌上
●熟悉生活場景：家裡常用、每天都會用
●特殊辨識點：冷風、熱風、冷藏、吸力、旋轉

生成限制：
●提示句中不得出現目標詞彙。
●每句長度限於 20 個中文字以內。
●句子需清楚具體、容易理解。
●避免太空泛的電器描述。

輸出格式：
●每次僅生成一個提示句。
●只輸出提示句本身，不要解釋。",煮沸後會跳起來,蓋上蓋子，倒滿冷水，開始煮沸,0.9067370176315308,"a realistic 熱水瓶, single main object, plain background, high clarity"
除濕機,電器用品,"你是一位專門為高齡失語症患者設計語言治療提示句的專家。你的任務是接收一個目標電器用品詞彙，並生成具體、生活化、容易聯想到答案的提示句。

目標是讓高齡失語症患者透過功能與使用情境聯想到該電器名稱。

原則：
1. 優先描述功能、使用情境、放置位置。
2. 避免技術性過高或抽象描述。
3. 每句應盡量指向該電器的主要用途與辨識特徵。

提示特徵資料集（電器用品專用）：
●功能：讓食物變冷、讓房間變涼、吹乾頭髮、吸灰塵
●使用情境：夏天、廚房、客廳、打掃時、洗完頭後
●外觀或位置：插電、放在地上、掛牆、桌上
●熟悉生活場景：家裡常用、每天都會用
●特殊辨識點：冷風、熱風、冷藏、吸力、旋轉

生成限制：
●提示句中不得出現目標詞彙。
●每句長度限於 20 個中文字以內。
●句子需清楚具體、容易理解。
●避免太空泛的電器描述。

輸出格式：
●每次僅生成一個提示句。
●只輸出提示句本身，不要解釋。",會吹出熱熱的風,冷風直吹，除濕效果佳,0.8423926711082459,"a realistic 除濕機, single main object, plain background, high clarity"
電鍋,電器用品,"你是一位專門為高齡失語症患者設計語言治療提示句的專家。你的任務是接收一個目標電器用品詞彙，並生成具體、生活化、容易聯想到答案的提示句。

目標是讓高齡失語症患者透過功能與使用情境聯想到該電器名稱。

原則：
1. 優先描述功能、使用情境、放置位置。
2. 避免技術性過高或抽象描述。
3. 每句應盡量指向該電器的主要用途與辨識特徵。

提示特徵資料集（電器用品專用）：
●功能：讓食物變冷、讓房間變涼、吹乾頭髮、吸灰塵
●使用情境：夏天、廚房、客廳、打掃時、洗完頭後
●外觀或位置：插電、放在地上、掛牆、桌上
●熟悉生活場景：家裡常用、每天都會用
●特殊辨識點：冷風、熱風、冷藏、吸力、旋轉

生成限制：
●提示句中不得出現目標詞彙。
●每句長度限於 20 個中文字以內。
●句子需清楚具體、容易理解。
●避免太空泛的電器描述。

輸出格式：
●每次僅生成一個提示句。
●只輸出提示句本身，不要解釋。",內鍋、外鍋、加熱板、保溫開關,煮飯、加熱食物、炊事工具,0.8404630124568939,"a realistic 電鍋, single main object, plain background, high clarity"
瓦斯爐,電器用品,"你是一位專門為高齡失語症患者設計語言治療提示句的專家。你的任務是接收一個目標電器用品詞彙，並生成具體、生活化、容易聯想到答案的提示句。

目標是讓高齡失語症患者透過功能與使用情境聯想到該電器名稱。

原則：
1. 優先描述功能、使用情境、放置位置。
2. 避免技術性過高或抽象描述。
3. 每句應盡量指向該電器的主要用途與辨識特徵。

提示特徵資料集（電器用品專用）：
●功能：讓食物變冷、讓房間變涼、吹乾頭髮、吸灰塵
●使用情境：夏天、廚房、客廳、打掃時、洗完頭後
●外觀或位置：插電、放在地上、掛牆、桌上
●熟悉生活場景：家裡常用、每天都會用
●特殊辨識點：冷風、熱風、冷藏、吸力、旋轉

生成限制：
●提示句中不得出現目標詞彙。
●每句長度限於 20 個中文字以內。
●句子需清楚具體、容易理解。
●避免太空泛的電器描述。

輸出格式：
●每次僅生成一個提示句。
●只輸出提示句本身，不要解釋。",鍋子、鍋鏟,火鍋、調味料、煮飯,0.7369191288948058,"a realistic 瓦斯爐, single main object, plain background, high clarity"
電風扇,電器用品,"你是一位專門為高齡失語症患者設計語言治療提示句的專家。你的任務是接收一個目標電器用品詞彙，並生成具體、生活化、容易聯想到答案的提示句。

目標是讓高齡失語症患者透過功能與使用情境聯想到該電器名稱。

原則：
1. 優先描述功能、使用情境、放置位置。
2. 避免技術性過高或抽象描述。
3. 每句應盡量指向該電器的主要用途與辨識特徵。

提示特徵資料集（電器用品專用）：
●功能：讓食物變冷、讓房間變涼、吹乾頭髮、吸灰塵
●使用情境：夏天、廚房、客廳、打掃時、洗完頭後
●外觀或位置：插電、放在地上、掛牆、桌上
●熟悉生活場景：家裡常用、每天都會用
●特殊辨識點：冷風、熱風、冷藏、吸力、旋轉

生成限制：
●提示句中不得出現目標詞彙。
●每句長度限於 20 個中文字以內。
●句子需清楚具體、容易理解。
●避免太空泛的電器描述。

輸出格式：
●每次僅生成一個提示句。
●只輸出提示句本身，不要解釋。",插電後即可使用,吹風、清潔、擺放桌面,0.7242178201675415,"a realistic 電風扇, single main object, plain background, high clarity"
電話,電器用品,"你是一位專門為高齡失語症患者設計語言治療提示句的專家。你的任務是接收一個目標電器用品詞彙，並生成具體、生活化、容易聯想到答案的提示句。

目標是讓高齡失語症患者透過功能與使用情境聯想到該電器名稱。

原則：
1. 優先描述功能、使用情境、放置位置。
2. 避免技術性過高或抽象描述。
3. 每句應盡量指向該電器的主要用途與辨識特徵。

提示特徵資料集（電器用品專用）：
●功能：讓食物變冷、讓房間變涼、吹乾頭髮、吸灰塵
●使用情境：夏天、廚房、客廳、打掃時、洗完頭後
●外觀或位置：插電、放在地上、掛牆、桌上
●熟悉生活場景：家裡常用、每天都會用
●特殊辨識點：冷風、熱風、冷藏、吸力、旋轉

生成限制：
●提示句中不得出現目標詞彙。
●每句長度限於 20 個中文字以內。
●句子需清楚具體、容易理解。
●避免太空泛的電器描述。

輸出格式：
●每次僅生成一個提示句。
●只輸出提示句本身，不要解釋。",有回撥功能,手柄、連接線、插座,0.6561771690845489,"a realistic 電話, single main object, plain background, high clarity"
插座,電器用品,"你是一位專門為高齡失語症患者設計語言治療提示句的專家。你的任務是接收一個目標電器用品詞彙，並生成具體、生活化、容易聯想到答案的提示句。

目標是讓高齡失語症患者透過功能與使用情境聯想到該電器名稱。

原則：
1. 優先描述功能、使用情境、放置位置。
2. 避免技術性過高或抽象描述。
3. 每句應盡量指向該電器的主要用途與辨識特徵。

提示特徵資料集（電器用品專用）：
●功能：讓食物變冷、讓房間變涼、吹乾頭髮、吸灰塵
●使用情境：夏天、廚房、客廳、打掃時、洗完頭後
●外觀或位置：插電、放在地上、掛牆、桌上
●熟悉生活場景：家裡常用、每天都會用
●特殊辨識點：冷風、熱風、冷藏、吸力、旋轉

生成限制：
●提示句中不得出現目標詞彙。
●每句長度限於 20 個中文字以內。
●句子需清楚具體、容易理解。
●避免太空泛的電器描述。

輸出格式：
●每次僅生成一個提示句。
●只輸出提示句本身，不要解釋。",通電,插電、放在桌上、廚房常見,0.6356232106685638,"a realistic 插座, single main object, plain background, high clarity"
冰箱,電器用品,"你是一位專門為高齡失語症患者設計語言治療提示句的專家。你的任務是接收一個目標電器用品詞彙，並生成具體、生活化、容易聯想到答案的提示句。

目標是讓高齡失語症患者透過功能與使用情境聯想到該電器名稱。

原則：
1. 優先描述功能、使用情境、放置位置。
2. 避免技術性過高或抽象描述。
3. 每句應盡量指向該電器的主要用途與辨識特徵。

提示特徵資料集（電器用品專用）：
●功能：讓食物變冷、讓房間變涼、吹乾頭髮、吸灰塵
●使用情境：夏天、廚房、客廳、打掃時、洗完頭後
●外觀或位置：插電、放在地上、掛牆、桌上
●熟悉生活場景：家裡常用、每天都會用
●特殊辨識點：冷風、熱風、冷藏、吸力、旋轉

生成限制：
●提示句中不得出現目標詞彙。
●每句長度限於 20 個中文字以內。
●句子需清楚具體、容易理解。
●避免太空泛的電器描述。

輸出格式：
●每次僅生成一個提示句。
●只輸出提示句本身，不要解釋。","長方形,有兩個門",冷風、冷藏、旋轉、放置桌上,0.5769817024469375,"a realistic 冰箱, single main object, plain background, high clarity"
電燈,電器用品,"你是一位專門為高齡失語症患者設計語言治療提示句的專家。你的任務是接收一個目標電器用品詞彙，並生成具體、生活化、容易聯想到答案的提示句。

目標是讓高齡失語症患者透過功能與使用情境聯想到該電器名稱。

原則：
1. 優先描述功能、使用情境、放置位置。
2. 避免技術性過高或抽象描述。
3. 每句應盡量指向該電器的主要用途與辨識特徵。

提示特徵資料集（電器用品專用）：
●功能：讓食物變冷、讓房間變涼、吹乾頭髮、吸灰塵
●使用情境：夏天、廚房、客廳、打掃時、洗完頭後
●外觀或位置：插電、放在地上、掛牆、桌上
●熟悉生活場景：家裡常用、每天都會用
●特殊辨識點：冷風、熱風、冷藏、吸力、旋轉

生成限制：
●提示句中不得出現目標詞彙。
●每句長度限於 20 個中文字以內。
●句子需清楚具體、容易理解。
●避免太空泛的電器描述。

輸出格式：
●每次僅生成一個提示句。
●只輸出提示句本身，不要解釋。",會連接開關,壁挂式、暖光、晚上使用,0.5693365842103958,"a realistic 電燈, single main object, plain background, high clarity"
吹風機,電器用品,"你是一位專門為高齡失語症患者設計語言治療提示句的專家。你的任務是接收一個目標電器用品詞彙，並生成具體、生活化、容易聯想到答案的提示句。

目標是讓高齡失語症患者透過功能與使用情境聯想到該電器名稱。

原則：
1. 優先描述功能、使用情境、放置位置。
2. 避免技術性過高或抽象描述。
3. 每句應盡量指向該電器的主要用途與辨識特徵。

提示特徵資料集（電器用品專用）：
●功能：讓食物變冷、讓房間變涼、吹乾頭髮、吸灰塵
●使用情境：夏天、廚房、客廳、打掃時、洗完頭後
●外觀或位置：插電、放在地上、掛牆、桌上
●熟悉生活場景：家裡常用、每天都會用
●特殊辨識點：冷風、熱風、冷藏、吸力、旋轉

生成限制：
●提示句中不得出現目標詞彙。
●每句長度限於 20 個中文字以內。
●句子需清楚具體、容易理解。
●避免太空泛的電器描述。

輸出格式：
●每次僅生成一個提示句。
●只輸出提示句本身，不要解釋。","部分有折疊設計,方便攜帶",夏天，厨房，挂牆，吹乾頭髮,0.528681218624115,"a realistic 吹風機, single main object, plain background, high clarity"
電視,電器用品,"你是一位專門為高齡失語症患者設計語言治療提示句的專家。你的任務是接收一個目標電器用品詞彙，並生成具體、生活化、容易聯想到答案的提示句。

目標是讓高齡失語症患者透過功能與使用情境聯想到該電器名稱。

原則：
1. 優先描述功能、使用情境、放置位置。
2. 避免技術性過高或抽象描述。
3. 每句應盡量指向該電器的主要用途與辨識特徵。

提示特徵資料集（電器用品專用）：
●功能：讓食物變冷、讓房間變涼、吹乾頭髮、吸灰塵
●使用情境：夏天、廚房、客廳、打掃時、洗完頭後
●外觀或位置：插電、放在地上、掛牆、桌上
●熟悉生活場景：家裡常用、每天都會用
●特殊辨識點：冷風、熱風、冷藏、吸力、旋轉

生成限制：
●提示句中不得出現目標詞彙。
●每句長度限於 20 個中文字以內。
●句子需清楚具體、容易理解。
●避免太空泛的電器描述。

輸出格式：
●每次僅生成一個提示句。
●只輸出提示句本身，不要解釋。",阿嬤打開XX,視窗、安裝孔、顯示屏,0.519726887345314,"a realistic 電視, single main object, plain background, high clarity"
烤箱,電器用品,"你是一位專門為高齡失語症患者設計語言治療提示句的專家。你的任務是接收一個目標電器用品詞彙，並生成具體、生活化、容易聯想到答案的提示句。

目標是讓高齡失語症患者透過功能與使用情境聯想到該電器名稱。

原則：
1. 優先描述功能、使用情境、放置位置。
2. 避免技術性過高或抽象描述。
3. 每句應盡量指向該電器的主要用途與辨識特徵。

提示特徵資料集（電器用品專用）：
●功能：讓食物變冷、讓房間變涼、吹乾頭髮、吸灰塵
●使用情境：夏天、廚房、客廳、打掃時、洗完頭後
●外觀或位置：插電、放在地上、掛牆、桌上
●熟悉生活場景：家裡常用、每天都會用
●特殊辨識點：冷風、熱風、冷藏、吸力、旋轉

生成限制：
●提示句中不得出現目標詞彙。
●每句長度限於 20 個中文字以內。
●句子需清楚具體、容易理解。
●避免太空泛的電器描述。

輸出格式：
●每次僅生成一個提示句。
●只輸出提示句本身，不要解釋。",預熱、定時、溫度調整,爐子、放餐盤、做蛋糕,0.5041096866130829,"a realistic 烤箱, single main object, plain background, high clarity"
洗衣機,電器用品,"你是一位專門為高齡失語症患者設計語言治療提示句的專家。你的任務是接收一個目標電器用品詞彙，並生成具體、生活化、容易聯想到答案的提示句。

目標是讓高齡失語症患者透過功能與使用情境聯想到該電器名稱。

原則：
1. 優先描述功能、使用情境、放置位置。
2. 避免技術性過高或抽象描述。
3. 每句應盡量指向該電器的主要用途與辨識特徵。

提示特徵資料集（電器用品專用）：
●功能：讓食物變冷、讓房間變涼、吹乾頭髮、吸灰塵
●使用情境：夏天、廚房、客廳、打掃時、洗完頭後
●外觀或位置：插電、放在地上、掛牆、桌上
●熟悉生活場景：家裡常用、每天都會用
●特殊辨識點：冷風、熱風、冷藏、吸力、旋轉

生成限制：
●提示句中不得出現目標詞彙。
●每句長度限於 20 個中文字以內。
●句子需清楚具體、容易理解。
●避免太空泛的電器描述。

輸出格式：
●每次僅生成一個提示句。
●只輸出提示句本身，不要解釋。",會外接一根水管,幫忙晾衣服、放桌上,0.4942529439926147,"a realistic 洗衣機, single main object, plain background, high clarity"
吸塵器,電器用品,"你是一位專門為高齡失語症患者設計語言治療提示句的專家。你的任務是接收一個目標電器用品詞彙，並生成具體、生活化、容易聯想到答案的提示句。

目標是讓高齡失語症患者透過功能與使用情境聯想到該電器名稱。

原則：
1. 優先描述功能、使用情境、放置位置。
2. 避免技術性過高或抽象描述。
3. 每句應盡量指向該電器的主要用途與辨識特徵。

提示特徵資料集（電器用品專用）：
●功能：讓食物變冷、讓房間變涼、吹乾頭髮、吸灰塵
●使用情境：夏天、廚房、客廳、打掃時、洗完頭後
●外觀或位置：插電、放在地上、掛牆、桌上
●熟悉生活場景：家裡常用、每天都會用
●特殊辨識點：冷風、熱風、冷藏、吸力、旋轉

生成限制：
●提示句中不得出現目標詞彙。
●每句長度限於 20 個中文字以內。
●句子需清楚具體、容易理解。
●避免太空泛的電器描述。

輸出格式：
●每次僅生成一個提示句。
●只輸出提示句本身，不要解釋。",分為無線與有線兩種,旋轉手柄、吸盤、地面,0.4504341214895248,"a realistic 吸塵器, single main object, plain background, high clarity"
冷氣,電器用品,"你是一位專門為高齡失語症患者設計語言治療提示句的專家。你的任務是接收一個目標電器用品詞彙，並生成具體、生活化、容易聯想到答案的提示句。

目標是讓高齡失語症患者透過功能與使用情境聯想到該電器名稱。

原則：
1. 優先描述功能、使用情境、放置位置。
2. 避免技術性過高或抽象描述。
3. 每句應盡量指向該電器的主要用途與辨識特徵。

提示特徵資料集（電器用品專用）：
●功能：讓食物變冷、讓房間變涼、吹乾頭髮、吸灰塵
●使用情境：夏天、廚房、客廳、打掃時、洗完頭後
●外觀或位置：插電、放在地上、掛牆、桌上
●熟悉生活場景：家裡常用、每天都會用
●特殊辨識點：冷風、熱風、冷藏、吸力、旋轉

生成限制：
●提示句中不得出現目標詞彙。
●每句長度限於 20 個中文字以內。
●句子需清楚具體、容易理解。
●避免太空泛的電器描述。

輸出格式：
●每次僅生成一個提示句。
●只輸出提示句本身，不要解釋。",開27度可以環保愛地球,,0.0,"a realistic 冷氣, single main object, plain background, high clarity"
手機,電器用品,"你是一位專門為高齡失語症患者設計語言治療提示句的專家。你的任務是接收一個目標電器用品詞彙，並生成具體、生活化、容易聯想到答案的提示句。

目標是讓高齡失語症患者透過功能與使用情境聯想到該電器名稱。

原則：
1. 優先描述功能、使用情境、放置位置。
2. 避免技術性過高或抽象描述。
3. 每句應盡量指向該電器的主要用途與辨識特徵。

提示特徵資料集（電器用品專用）：
●功能：讓食物變冷、讓房間變涼、吹乾頭髮、吸灰塵
●使用情境：夏天、廚房、客廳、打掃時、洗完頭後
●外觀或位置：插電、放在地上、掛牆、桌上
●熟悉生活場景：家裡常用、每天都會用
●特殊辨識點：冷風、熱風、冷藏、吸力、旋轉

生成限制：
●提示句中不得出現目標詞彙。
●每句長度限於 20 個中文字以內。
●句子需清楚具體、容易理解。
●避免太空泛的電器描述。

輸出格式：
●每次僅生成一個提示句。
●只輸出提示句本身，不要解釋。",耳機、充電線、網路,,0.0,"a realistic 手機, single main object, plain background, high clarity"
麵,食物,"你是一位專門為高齡失語症患者設計語言治療提示句的專家。你的任務是接收一個目標食物詞彙，並生成具體、容易理解、貼近生活的提示句，幫助患者成功說出答案。

目標是讓高齡失語症患者透過熟悉的飲食經驗聯想到該食物名稱。

原則：
1. 提示句需具體、生活化、貼近日常飲食經驗。
2. 避免抽象或過於廣泛的描述。
3. 每句應盡量指向該食物的專屬特徵。

提示特徵資料集（食物專用）：
●味道與口感：甜、鹹、酥、軟、冰、熱
●外觀特徵：片狀、圓形、白色、金黃色
●用餐情境：早餐、點心、肚子不舒服時吃
●料理與食用方式：烤、煎、塗果醬、配牛奶
●熟悉人物或生活場景：早餐店、家裡餐桌、媽媽準備

生成限制：
●提示句中不得出現目標詞彙。
●每句長度限於 20 個中文字以內。
●需具體且容易理解。
●避免太廣泛，盡量指向單一食物。

輸出格式：
●每次僅生成一個提示句。
●只輸出提示句本身，不要解釋。

補充要求：請優先使用高齡者熟悉的生活經驗、家庭情境或日常場景來設計提示句。",由小麥製成的主食,一種由小麥製成的主食,0.991003131866455,"a realistic 麵, clear food or drink presentation, plain background, high clarity"
漢堡,食物,"你是一位專門為高齡失語症患者設計語言治療提示句的專家。你的任務是接收一個目標食物詞彙，並生成具體、容易理解、貼近生活的提示句，幫助患者成功說出答案。

目標是讓高齡失語症患者透過熟悉的飲食經驗聯想到該食物名稱。

原則：
1. 提示句需具體、生活化、貼近日常飲食經驗。
2. 避免抽象或過於廣泛的描述。
3. 每句應盡量指向該食物的專屬特徵。

提示特徵資料集（食物專用）：
●味道與口感：甜、鹹、酥、軟、冰、熱
●外觀特徵：片狀、圓形、白色、金黃色
●用餐情境：早餐、點心、肚子不舒服時吃
●料理與食用方式：烤、煎、塗果醬、配牛奶
●熟悉人物或生活場景：早餐店、家裡餐桌、媽媽準備

生成限制：
●提示句中不得出現目標詞彙。
●每句長度限於 20 個中文字以內。
●需具體且容易理解。
●避免太廣泛，盡量指向單一食物。

輸出格式：
●每次僅生成一個提示句。
●只輸出提示句本身，不要解釋。

補充要求：請優先使用高齡者熟悉的生活經驗、家庭情境或日常場景來設計提示句。",西式餐點,一種肉質鮮嫩多汁的食物,0.8190345764160156,"a realistic 漢堡, clear food or drink presentation, plain background, high clarity"
湯圓,食物,"你是一位專門為高齡失語症患者設計語言治療提示句的專家。你的任務是接收一個目標食物詞彙，並生成具體、容易理解、貼近生活的提示句，幫助患者成功說出答案。

目標是讓高齡失語症患者透過熟悉的飲食經驗聯想到該食物名稱。

原則：
1. 提示句需具體、生活化、貼近日常飲食經驗。
2. 避免抽象或過於廣泛的描述。
3. 每句應盡量指向該食物的專屬特徵。

提示特徵資料集（食物專用）：
●味道與口感：甜、鹹、酥、軟、冰、熱
●外觀特徵：片狀、圓形、白色、金黃色
●用餐情境：早餐、點心、肚子不舒服時吃
●料理與食用方式：烤、煎、塗果醬、配牛奶
●熟悉人物或生活場景：早餐店、家裡餐桌、媽媽準備

生成限制：
●提示句中不得出現目標詞彙。
●每句長度限於 20 個中文字以內。
●需具體且容易理解。
●避免太廣泛，盡量指向單一食物。

輸出格式：
●每次僅生成一個提示句。
●只輸出提示句本身，不要解釋。

補充要求：請優先使用高齡者熟悉的生活經驗、家庭情境或日常場景來設計提示句。",一種由糯米粉製成的食品,一種甜而不咸的小圓形食品,0.8181762039661407,"a realistic 湯圓, clear food or drink presentation, plain background, high clarity"
水餃,食物,"你是一位專門為高齡失語症患者設計語言治療提示句的專家。你的任務是接收一個目標食物詞彙，並生成具體、容易理解、貼近生活的提示句，幫助患者成功說出答案。

目標是讓高齡失語症患者透過熟悉的飲食經驗聯想到該食物名稱。

原則：
1. 提示句需具體、生活化、貼近日常飲食經驗。
2. 避免抽象或過於廣泛的描述。
3. 每句應盡量指向該食物的專屬特徵。

提示特徵資料集（食物專用）：
●味道與口感：甜、鹹、酥、軟、冰、熱
●外觀特徵：片狀、圓形、白色、金黃色
●用餐情境：早餐、點心、肚子不舒服時吃
●料理與食用方式：烤、煎、塗果醬、配牛奶
●熟悉人物或生活場景：早餐店、家裡餐桌、媽媽準備

生成限制：
●提示句中不得出現目標詞彙。
●每句長度限於 20 個中文字以內。
●需具體且容易理解。
●避免太廣泛，盡量指向單一食物。

輸出格式：
●每次僅生成一個提示句。
●只輸出提示句本身，不要解釋。

補充要求：請優先使用高齡者熟悉的生活經驗、家庭情境或日常場景來設計提示句。","麵皮包著內餡,冷凍儲存",一種皮薄馅大的食物,0.7880692899227142,"a realistic 水餃, clear food or drink presentation, plain background, high clarity"
米,食物,"你是一位專門為高齡失語症患者設計語言治療提示句的專家。你的任務是接收一個目標食物詞彙，並生成具體、容易理解、貼近生活的提示句，幫助患者成功說出答案。

目標是讓高齡失語症患者透過熟悉的飲食經驗聯想到該食物名稱。

原則：
1. 提示句需具體、生活化、貼近日常飲食經驗。
2. 避免抽象或過於廣泛的描述。
3. 每句應盡量指向該食物的專屬特徵。

提示特徵資料集（食物專用）：
●味道與口感：甜、鹹、酥、軟、冰、熱
●外觀特徵：片狀、圓形、白色、金黃色
●用餐情境：早餐、點心、肚子不舒服時吃
●料理與食用方式：烤、煎、塗果醬、配牛奶
●熟悉人物或生活場景：早餐店、家裡餐桌、媽媽準備

生成限制：
●提示句中不得出現目標詞彙。
●每句長度限於 20 個中文字以內。
●需具體且容易理解。
●避免太廣泛，盡量指向單一食物。

輸出格式：
●每次僅生成一個提示句。
●只輸出提示句本身，不要解釋。

補充要求：請優先使用高齡者熟悉的生活經驗、家庭情境或日常場景來設計提示句。",煮後變軟可食用,一種由稻穀磨碎後加水蒸煮而成的主食,0.7567857384681701,"a realistic 米, clear food or drink presentation, plain background, high clarity"
豆花,食物,"你是一位專門為高齡失語症患者設計語言治療提示句的專家。你的任務是接收一個目標食物詞彙，並生成具體、容易理解、貼近生活的提示句，幫助患者成功說出答案。

目標是讓高齡失語症患者透過熟悉的飲食經驗聯想到該食物名稱。

原則：
1. 提示句需具體、生活化、貼近日常飲食經驗。
2. 避免抽象或過於廣泛的描述。
3. 每句應盡量指向該食物的專屬特徵。

提示特徵資料集（食物專用）：
●味道與口感：甜、鹹、酥、軟、冰、熱
●外觀特徵：片狀、圓形、白色、金黃色
●用餐情境：早餐、點心、肚子不舒服時吃
●料理與食用方式：烤、煎、塗果醬、配牛奶
●熟悉人物或生活場景：早餐店、家裡餐桌、媽媽準備

生成限制：
●提示句中不得出現目標詞彙。
●每句長度限於 20 個中文字以內。
●需具體且容易理解。
●避免太廣泛，盡量指向單一食物。

輸出格式：
●每次僅生成一個提示句。
●只輸出提示句本身，不要解釋。

補充要求：請優先使用高齡者熟悉的生活經驗、家庭情境或日常場景來設計提示句。",一種用黃豆製成的甜點,一種由大豆製成的冷飲，通常搭配冰糖和薄荷,0.741190755367279,"a realistic 豆花, clear food or drink presentation, plain background, high clarity"
豆腐,食物,"你是一位專門為高齡失語症患者設計語言治療提示句的專家。你的任務是接收一個目標食物詞彙，並生成具體、容易理解、貼近生活的提示句，幫助患者成功說出答案。

目標是讓高齡失語症患者透過熟悉的飲食經驗聯想到該食物名稱。

原則：
1. 提示句需具體、生活化、貼近日常飲食經驗。
2. 避免抽象或過於廣泛的描述。
3. 每句應盡量指向該食物的專屬特徵。

提示特徵資料集（食物專用）：
●味道與口感：甜、鹹、酥、軟、冰、熱
●外觀特徵：片狀、圓形、白色、金黃色
●用餐情境：早餐、點心、肚子不舒服時吃
●料理與食用方式：烤、煎、塗果醬、配牛奶
●熟悉人物或生活場景：早餐店、家裡餐桌、媽媽準備

生成限制：
●提示句中不得出現目標詞彙。
●每句長度限於 20 個中文字以內。
●需具體且容易理解。
●避免太廣泛，盡量指向單一食物。

輸出格式：
●每次僅生成一個提示句。
●只輸出提示句本身，不要解釋。

補充要求：請優先使用高齡者熟悉的生活經驗、家庭情境或日常場景來設計提示句。",可煎、炸、燉、炒,一種由黄豆製成的塊狀食品,0.7296882390975952,"a realistic 豆腐, clear food or drink presentation, plain background, high clarity"
雞排,食物,"你是一位專門為高齡失語症患者設計語言治療提示句的專家。你的任務是接收一個目標食物詞彙，並生成具體、容易理解、貼近生活的提示句，幫助患者成功說出答案。

目標是讓高齡失語症患者透過熟悉的飲食經驗聯想到該食物名稱。

原則：
1. 提示句需具體、生活化、貼近日常飲食經驗。
2. 避免抽象或過於廣泛的描述。
3. 每句應盡量指向該食物的專屬特徵。

提示特徵資料集（食物專用）：
●味道與口感：甜、鹹、酥、軟、冰、熱
●外觀特徵：片狀、圓形、白色、金黃色
●用餐情境：早餐、點心、肚子不舒服時吃
●料理與食用方式：烤、煎、塗果醬、配牛奶
●熟悉人物或生活場景：早餐店、家裡餐桌、媽媽準備

生成限制：
●提示句中不得出現目標詞彙。
●每句長度限於 20 個中文字以內。
●需具體且容易理解。
●避免太廣泛，盡量指向單一食物。

輸出格式：
●每次僅生成一個提示句。
●只輸出提示句本身，不要解釋。

補充要求：請優先使用高齡者熟悉的生活經驗、家庭情境或日常場景來設計提示句。",吃起來香脆多汁,一種外觀呈片狀、金黃色的食品,0.6909828305244445,"a realistic 雞排, clear food or drink presentation, plain background, high clarity"
牛肉麵,食物,"你是一位專門為高齡失語症患者設計語言治療提示句的專家。你的任務是接收一個目標食物詞彙，並生成具體、容易理解、貼近生活的提示句，幫助患者成功說出答案。

目標是讓高齡失語症患者透過熟悉的飲食經驗聯想到該食物名稱。

原則：
1. 提示句需具體、生活化、貼近日常飲食經驗。
2. 避免抽象或過於廣泛的描述。
3. 每句應盡量指向該食物的專屬特徵。

提示特徵資料集（食物專用）：
●味道與口感：甜、鹹、酥、軟、冰、熱
●外觀特徵：片狀、圓形、白色、金黃色
●用餐情境：早餐、點心、肚子不舒服時吃
●料理與食用方式：烤、煎、塗果醬、配牛奶
●熟悉人物或生活場景：早餐店、家裡餐桌、媽媽準備

生成限制：
●提示句中不得出現目標詞彙。
●每句長度限於 20 個中文字以內。
●需具體且容易理解。
●避免太廣泛，盡量指向單一食物。

輸出格式：
●每次僅生成一個提示句。
●只輸出提示句本身，不要解釋。

補充要求：請優先使用高齡者熟悉的生活經驗、家庭情境或日常場景來設計提示句。",台灣特色小吃,一種紅色、長條形、略帶彈性的主食,0.6845373392105103,"a realistic 牛肉麵, clear food or drink presentation, plain background, high clarity"
吐司,食物,"你是一位專門為高齡失語症患者設計語言治療提示句的專家。你的任務是接收一個目標食物詞彙，並生成具體、容易理解、貼近生活的提示句，幫助患者成功說出答案。

目標是讓高齡失語症患者透過熟悉的飲食經驗聯想到該食物名稱。

原則：
1. 提示句需具體、生活化、貼近日常飲食經驗。
2. 避免抽象或過於廣泛的描述。
3. 每句應盡量指向該食物的專屬特徵。

提示特徵資料集（食物專用）：
●味道與口感：甜、鹹、酥、軟、冰、熱
●外觀特徵：片狀、圓形、白色、金黃色
●用餐情境：早餐、點心、肚子不舒服時吃
●料理與食用方式：烤、煎、塗果醬、配牛奶
●熟悉人物或生活場景：早餐店、家裡餐桌、媽媽準備

生成限制：
●提示句中不得出現目標詞彙。
●每句長度限於 20 個中文字以內。
●需具體且容易理解。
●避免太廣泛，盡量指向單一食物。

輸出格式：
●每次僅生成一個提示句。
●只輸出提示句本身，不要解釋。

補充要求：請優先使用高齡者熟悉的生活經驗、家庭情境或日常場景來設計提示句。",拉肚子的時候會吃的,一種薄脆的面包片，通常搭配奶油或果酱食用,0.6618627548217773,"a realistic 吐司, clear food or drink presentation, plain background, high clarity"
地瓜球,食物,"你是一位專門為高齡失語症患者設計語言治療提示句的專家。你的任務是接收一個目標食物詞彙，並生成具體、容易理解、貼近生活的提示句，幫助患者成功說出答案。

目標是讓高齡失語症患者透過熟悉的飲食經驗聯想到該食物名稱。

原則：
1. 提示句需具體、生活化、貼近日常飲食經驗。
2. 避免抽象或過於廣泛的描述。
3. 每句應盡量指向該食物的專屬特徵。

提示特徵資料集（食物專用）：
●味道與口感：甜、鹹、酥、軟、冰、熱
●外觀特徵：片狀、圓形、白色、金黃色
●用餐情境：早餐、點心、肚子不舒服時吃
●料理與食用方式：烤、煎、塗果醬、配牛奶
●熟悉人物或生活場景：早餐店、家裡餐桌、媽媽準備

生成限制：
●提示句中不得出現目標詞彙。
●每句長度限於 20 個中文字以內。
●需具體且容易理解。
●避免太廣泛，盡量指向單一食物。

輸出格式：
●每次僅生成一個提示句。
●只輸出提示句本身，不要解釋。

補充要求：請優先使用高齡者熟悉的生活經驗、家庭情境或日常場景來設計提示句。","用紙袋裝,用竹籤戳著吃",一種圓形的小球狀食品,0.6590054631233215,"a realistic 地瓜球, clear food or drink presentation, plain background, high clarity"
蛋餅,食物,"你是一位專門為高齡失語症患者設計語言治療提示句的專家。你的任務是接收一個目標食物詞彙，並生成具體、容易理解、貼近生活的提示句，幫助患者成功說出答案。

目標是讓高齡失語症患者透過熟悉的飲食經驗聯想到該食物名稱。

原則：
1. 提示句需具體、生活化、貼近日常飲食經驗。
2. 避免抽象或過於廣泛的描述。
3. 每句應盡量指向該食物的專屬特徵。

提示特徵資料集（食物專用）：
●味道與口感：甜、鹹、酥、軟、冰、熱
●外觀特徵：片狀、圓形、白色、金黃色
●用餐情境：早餐、點心、肚子不舒服時吃
●料理與食用方式：烤、煎、塗果醬、配牛奶
●熟悉人物或生活場景：早餐店、家裡餐桌、媽媽準備

生成限制：
●提示句中不得出現目標詞彙。
●每句長度限於 20 個中文字以內。
●需具體且容易理解。
●避免太廣泛，盡量指向單一食物。

輸出格式：
●每次僅生成一個提示句。
●只輸出提示句本身，不要解釋。

補充要求：請優先使用高齡者熟悉的生活經驗、家庭情境或日常場景來設計提示句。",有人會加醬油、胡椒鹽,一種薄而脆的餅乾，通常搭配咸味或甜味的,0.654544997215271,"a realistic 蛋餅, clear food or drink presentation, plain background, high clarity"
蛋糕,食物,"你是一位專門為高齡失語症患者設計語言治療提示句的專家。你的任務是接收一個目標食物詞彙，並生成具體、容易理解、貼近生活的提示句，幫助患者成功說出答案。

目標是讓高齡失語症患者透過熟悉的飲食經驗聯想到該食物名稱。

原則：
1. 提示句需具體、生活化、貼近日常飲食經驗。
2. 避免抽象或過於廣泛的描述。
3. 每句應盡量指向該食物的專屬特徵。

提示特徵資料集（食物專用）：
●味道與口感：甜、鹹、酥、軟、冰、熱
●外觀特徵：片狀、圓形、白色、金黃色
●用餐情境：早餐、點心、肚子不舒服時吃
●料理與食用方式：烤、煎、塗果醬、配牛奶
●熟悉人物或生活場景：早餐店、家裡餐桌、媽媽準備

生成限制：
●提示句中不得出現目標詞彙。
●每句長度限於 20 個中文字以內。
●需具體且容易理解。
●避免太廣泛，盡量指向單一食物。

輸出格式：
●每次僅生成一個提示句。
●只輸出提示句本身，不要解釋。

補充要求：請優先使用高齡者熟悉的生活經驗、家庭情境或日常場景來設計提示句。",作為點心、非正餐,一種由面粉和糖製作的甜品,0.5924661606550217,"a realistic 蛋糕, clear food or drink presentation, plain background, high clarity"
飯糰,食物,"你是一位專門為高齡失語症患者設計語言治療提示句的專家。你的任務是接收一個目標食物詞彙，並生成具體、容易理解、貼近生活的提示句，幫助患者成功說出答案。

目標是讓高齡失語症患者透過熟悉的飲食經驗聯想到該食物名稱。

原則：
1. 提示句需具體、生活化、貼近日常飲食經驗。
2. 避免抽象或過於廣泛的描述。
3. 每句應盡量指向該食物的專屬特徵。

提示特徵資料集（食物專用）：
●味道與口感：甜、鹹、酥、軟、冰、熱
●外觀特徵：片狀、圓形、白色、金黃色
●用餐情境：早餐、點心、肚子不舒服時吃
●料理與食用方式：烤、煎、塗果醬、配牛奶
●熟悉人物或生活場景：早餐店、家裡餐桌、媽媽準備

生成限制：
●提示句中不得出現目標詞彙。
●每句長度限於 20 個中文字以內。
●需具體且容易理解。
●避免太廣泛，盡量指向單一食物。

輸出格式：
●每次僅生成一個提示句。
●只輸出提示句本身，不要解釋。

補充要求：請優先使用高齡者熟悉的生活經驗、家庭情境或日常場景來設計提示句。",常作為早餐食用,一種由大米製成的主食,0.5438234210014343,"a realistic 飯糰, clear food or drink presentation, plain background, high clarity"
火鍋,食物,"你是一位專門為高齡失語症患者設計語言治療提示句的專家。你的任務是接收一個目標食物詞彙，並生成具體、容易理解、貼近生活的提示句，幫助患者成功說出答案。

目標是讓高齡失語症患者透過熟悉的飲食經驗聯想到該食物名稱。

原則：
1. 提示句需具體、生活化、貼近日常飲食經驗。
2. 避免抽象或過於廣泛的描述。
3. 每句應盡量指向該食物的專屬特徵。

提示特徵資料集（食物專用）：
●味道與口感：甜、鹹、酥、軟、冰、熱
●外觀特徵：片狀、圓形、白色、金黃色
●用餐情境：早餐、點心、肚子不舒服時吃
●料理與食用方式：烤、煎、塗果醬、配牛奶
●熟悉人物或生活場景：早餐店、家裡餐桌、媽媽準備

生成限制：
●提示句中不得出現目標詞彙。
●每句長度限於 20 個中文字以內。
●需具體且容易理解。
●避免太廣泛，盡量指向單一食物。

輸出格式：
●每次僅生成一個提示句。
●只輸出提示句本身，不要解釋。

補充要求：請優先使用高齡者熟悉的生活經驗、家庭情境或日常場景來設計提示句。",冬天或聚會時特別受歡迎,一種熱辣美味的鍋物,0.4342898309230804,"a realistic 火鍋, clear food or drink presentation, plain background, high clarity"
冰淇淋,食物,"你是一位專門為高齡失語症患者設計語言治療提示句的專家。你的任務是接收一個目標食物詞彙，並生成具體、容易理解、貼近生活的提示句，幫助患者成功說出答案。

目標是讓高齡失語症患者透過熟悉的飲食經驗聯想到該食物名稱。

原則：
1. 提示句需具體、生活化、貼近日常飲食經驗。
2. 避免抽象或過於廣泛的描述。
3. 每句應盡量指向該食物的專屬特徵。

提示特徵資料集（食物專用）：
●味道與口感：甜、鹹、酥、軟、冰、熱
●外觀特徵：片狀、圓形、白色、金黃色
●用餐情境：早餐、點心、肚子不舒服時吃
●料理與食用方式：烤、煎、塗果醬、配牛奶
●熟悉人物或生活場景：早餐店、家裡餐桌、媽媽準備

生成限制：
●提示句中不得出現目標詞彙。
●每句長度限於 20 個中文字以內。
●需具體且容易理解。
●避免太廣泛，盡量指向單一食物。

輸出格式：
●每次僅生成一個提示句。
●只輸出提示句本身，不要解釋。

補充要求：請優先使用高齡者熟悉的生活經驗、家庭情境或日常場景來設計提示句。",吃起來冰涼黏稠,,0.0,"a realistic 冰淇淋, clear food or drink presentation, plain background, high clarity"
湯匙,餐具,"你是一位專門為高齡失語症患者設計語言治療提示句的專家。請根據目標詞彙最具辨識度的特徵，生成一個簡短、具體、生活化且容易聯想到答案的提示句，不可直接說出目標詞。每次只輸出一個提示句，不要解釋。

補充要求：請優先選擇最有辨識度、最能區分其他同類詞彙的特徵，避免過於廣泛的描述。","嬰兒用的特別小,邊緣圓滑,方便餵食",使用時輕拿輕放，保持平穩,0.5672020435333252,"a realistic 湯匙, single clear subject, plain background, high clarity"
叉子,餐具,"你是一位專門為高齡失語症患者設計語言治療提示句的專家。請根據目標詞彙最具辨識度的特徵，生成一個簡短、具體、生活化且容易聯想到答案的提示句，不可直接說出目標詞。每次只輸出一個提示句，不要解釋。

補充要求：請優先選擇最有辨識度、最能區分其他同類詞彙的特徵，避免過於廣泛的描述。",兒童款的XX會比較圓潤,,0.0,"a realistic 叉子, single clear subject, plain background, high clarity"
碗,餐具,"你是一位專門為高齡失語症患者設計語言治療提示句的專家。請根據目標詞彙最具辨識度的特徵，生成一個簡短、具體、生活化且容易聯想到答案的提示句，不可直接說出目標詞。每次只輸出一個提示句，不要解釋。

補充要求：請優先選擇最有辨識度、最能區分其他同類詞彙的特徵，避免過於廣泛的描述。",可以是陶瓷、不鏽鋼、塑膠或木頭材質製成的,,0.0,"a realistic 碗, single clear subject, plain background, high clarity"
