詞性,種類,細項,目標詞彙,提示,評分區(林治療師評分區),評分區(王治療師評分區),評分區(邱治療師評分區)
名詞,日常飲食,水果,蘋果,一種紅色圓形的水果,2,1,1
名詞,日常飲食,水果,蘋果,富士山盛產的水果,6,3,2
名詞,日常飲食,水果,蘋果,一日一XX，醫生遠離我,4,2,6
名詞,日常飲食,水果,蘋果,媽媽用刀子削XX,3,6,4
名詞,日常飲食,水果,蘋果,我去菜市場買一顆XX,1,4,3
名詞,日常飲食,水果,蘋果,可能會打蠟,5,5,5
名詞,日常飲食,水果,香蕉,猴子愛吃的水果,1,1,2
名詞,日常飲食,水果,香蕉,熱帶地區常見的彎曲狀水果,6,3,5
名詞,日常飲食,水果,香蕉,運動後常用來補充能量的水果,5,4,4
名詞,日常飲食,水果,香蕉,我吃一根黃色的XX,2,2,1
名詞,日常飲食,水果,香蕉,未成熟呈綠色，熟成後為鮮黃，表皮可能出現黑色斑點,4,6,3
名詞,日常飲食,水果,香蕉,台灣的旗山種很多,3,5,6
名詞,日常飲食,水果,鳳梨,皮是刺刺的，果肉是黃色的,1,2,2
名詞,日常飲食,水果,鳳梨,酸甜多汁，適合做果汁,4,4,4
名詞,日常飲食,水果,鳳梨,台灣的金鑽品種很有名,3,1,3
名詞,日常飲食,水果,鳳梨,需要削掉外皮才能吃,5,3,5
名詞,日常飲食,水果,鳳梨,切開後有特殊香氣,6,6,6
名詞,日常飲食,水果,鳳梨,我要吃酸酸的XX,2,5,1
名詞,日常飲食,水果,草莓,紅色的，表面有很多黑色小種子,1,2,4
名詞,日常飲食,水果,草莓,形狀像愛心，吃起來酸酸甜甜的水果,4,3,5
名詞,日常飲食,水果,草莓,苗栗大湖盛產的水果,2,１,3
名詞,日常飲食,水果,草莓,有綠色的蒂頭,5,4,6
名詞,日常飲食,水果,草莓,很多人愛吃XX,3,5,2
名詞,日常飲食,水果,草莓,這是一顆草X,6,6,1
名詞,日常飲食,水果,葡萄,紫色外皮小小一顆，圓圓的，通常會剝皮吃,1,1,3
名詞,日常飲食,水果,葡萄,一串串地掛在藤蔓上生長,2,6,2
名詞,日常飲食,水果,葡萄,常用來釀成酒的水果,4,5,5
名詞,日常飲食,水果,葡萄,它的籽可以榨成油,5,3,6
名詞,日常飲食,水果,葡萄,有紫色、綠色或紅色，甜甜的多汁,6,4,4
名詞,日常飲食,水果,葡萄,我買一串紫色的XX,3,2,1
名詞,日常飲食,水果,芒果,我最愛吃XX,3,6,4
名詞,日常飲食,水果,芒果,是一種紅色的水果長的圓圓的,1,3,2
名詞,日常飲食,水果,芒果,削皮後可以直接吃,2,5,5
名詞,日常飲食,水果,芒果,台灣愛文品種特別有名,4,1,1
名詞,日常飲食,水果,芒果,可以做冰沙、果乾等,5,2,3
名詞,日常飲食,水果,芒果,帶有濃郁的甜香氣味,6,4,6
名詞,日常飲食,蔬菜,青椒,形狀像燈籠，顏色有綠、紅、黃,1,1,3
名詞,日常飲食,蔬菜,青椒,味道帶點微苦,4,4,5
名詞,日常飲食,蔬菜,青椒,可以炒、烤、做沙拉,5,3,4
名詞,日常飲食,蔬菜,青椒,內部有籽和白色的膜,6,2,6
名詞,日常飲食,蔬菜,青椒,菜市場有在賣XX,2,5,1
名詞,日常飲食,蔬菜,青椒,媽媽炒一盤XX,3,6,2
名詞,日常飲食,蔬菜,白蘿蔔,煮湯或燉菜的常見蔬菜,3,6,3
名詞,日常飲食,蔬菜,白蘿蔔,長長的形狀是白色的,1,3,2
名詞,日常飲食,蔬菜,白蘿蔔,我煮排骨加XXX,2,5,1
名詞,日常飲食,蔬菜,白蘿蔔,台灣的蘿蔔糕就是用它做的,4,1,4
名詞,日常飲食,蔬菜,白蘿蔔,可以做泡菜、煮湯、燉肉等,6,2,5
名詞,日常飲食,蔬菜,白蘿蔔,冬天產季的特別甜,5,4,6
名詞,日常飲食,食物,米,亞洲人常見的主食，白色顆粒,4,2,6
名詞,日常飲食,食物,米,可做成壽司、飯糰和粥等美食,1,1,4
名詞,日常飲食,食物,米,煮後變軟可食用,5,5,5
名詞,日常飲食,食物,米,X加水熬煮變成稀飯,2,4,1
名詞,日常飲食,食物,米,稻子成熟後，脫殼後變成X,6,3,2
名詞,日常飲食,食物,米,這是一包X,3,6,3
名詞,日常飲食,食物,水餃,麵皮包著內餡，冷凍儲存,4,4,6
名詞,日常飲食,食物,水餃,形狀像元寶，代表吉祥富貴,5,1,3
名詞,日常飲食,食物,水餃,煮的時候會浮起來，表示熟了,1,2,4
名詞,日常飲食,食物,水餃,我中午要吃XX,2,5,2
名詞,日常飲食,食物,水餃,我要自己包XX,3,6,1
名詞,日常飲食,食物,水餃,中國傳統的主食之一，常見於節慶或家庭聚會,6,3,5
名詞,日常飲食,食物,麵,由小麥製成的主食,6,5,5
名詞,日常飲食,食物,麵,我去麵店吃一碗X,1,3,1
名詞,日常飲食,食物,麵,媽媽煮一碗X,2,6,2
名詞,日常飲食,食物,麵,菜單上通常有湯、乾兩種主要吃法,3,1,4
名詞,日常飲食,食物,麵,在亞洲各國飲食文化中常見,5,2,6
名詞,日常飲食,食物,麵,有刀削、粗、細、雞蛋等多種,4,4,3
名詞,日常飲食,食物,牛肉麵,有分紅燒的跟清燉的,3,3,2
名詞,日常飲食,食物,牛肉麵,可以選寬麵、細麵，有時候可換冬粉,4,5,3
名詞,日常飲食,食物,牛肉麵,台灣特色小吃,5,4,5
名詞,日常飲食,食物,牛肉麵,我要吃一碗XXX,1,6,1
名詞,日常飲食,食物,牛肉麵,會加入酸菜一併食用,6,2,4
名詞,日常飲食,食物,牛肉麵,三商巧福,2,1,6
名詞,日常飲食,食物,蛋餅,早餐會吃的,3,5,2
名詞,日常飲食,食物,蛋餅,這是一塊XX,2,6,1
名詞,日常飲食,食物,蛋餅,有人會加醬油、胡椒鹽,6,4,3
名詞,日常飲食,食物,蛋餅,所有早餐店都會出現的品項,4,3,5
名詞,日常飲食,食物,蛋餅,通常被歸類在中式早餐那一類的,5,1,6
名詞,日常飲食,食物,蛋餅,明天你要吃蘿蔔糕還是XX?,1,2,4
名詞,日常飲食,食物,吐司,拉肚子的時候會吃的,5,4,5
名詞,日常飲食,食物,吐司,白色的方形麵包,1,1,2
名詞,日常飲食,食物,吐司,早餐店必備品項之一,3,5,4
名詞,日常飲食,食物,吐司,我去麵包店買一條XX,2,6,1
名詞,日常飲食,食物,吐司,大部分人不喜歡吃邊邊,6,2,3
名詞,日常飲食,食物,吐司,可直接吃也可以烤完再吃,4,3,6
名詞,日常飲食,食物,漢堡,常見於速食店與早餐店,4,4,4
名詞,日常飲食,食物,漢堡,兩片圓形麵包夾入菜肉蛋等配料,2,3,5
名詞,日常飲食,食物,漢堡,西式餐點,5,6,6
名詞,日常飲食,食物,漢堡,麥當勞、肯德基、麥味登、美而美,6,2,3
名詞,日常飲食,食物,漢堡,我要吃麥當勞的XX,1,1,1
名詞,日常飲食,食物,漢堡,你吃薯條我吃XX,3,5,2
名詞,日常飲食,食物,飯糰,主食是米,1,4,6
名詞,日常飲食,食物,飯糰,常作為早餐食用,4,5,5
名詞,日常飲食,食物,飯糰,飯中夾油條、肉鬆、蛋後捏實,5,1,3
名詞,日常飲食,食物,飯糰,食用時需邊吃邊捏緊,6,2,4
名詞,日常飲食,食物,飯糰,我早上吃了一個XX,2,6,2
名詞,日常飲食,食物,飯糰,這是一個飯X,3,3,1
名詞,日常飲食,食物,火鍋,料理方式是直接食材放入煮熟,1,2,6
名詞,日常飲食,食物,火鍋,有多種湯底，如麻辣、起司牛奶、番茄等,4,1,2
名詞,日常飲食,食物,火鍋,可以搭配肉類、海鮮、蔬菜、豆腐等食材,5,4,3
名詞,日常飲食,食物,火鍋,過年圍爐時會煮一鍋XX,2,3,1
名詞,日常飲食,食物,火鍋,冬天或聚會時特別受歡迎,6,5,4
名詞,日常飲食,食物,火鍋,我去餐廳吃XX,3,6,5
名詞,日常飲食,食物,豆腐,以黃豆製成的食品,2,2,3
名詞,日常飲食,食物,豆腐,顏色為白色，形狀通常為（長）方形,1,4,2
名詞,日常飲食,食物,豆腐,有嫩、板、百頁等種類,4,1,1
名詞,日常飲食,食物,豆腐,用於中式、日式與素食料理,5,3,6
名詞,日常飲食,食物,豆腐,可煎、炸、燉、炒,6,5,4
名詞,日常飲食,食物,豆腐,飯桌上有一盤煎XX,3,6,5
名詞,日常飲食,食物,地瓜球,通常是黃色，但也有其他顏色(紫、黑、綠),3,6,1
名詞,日常飲食,食物,地瓜球,地瓜加粉揉成小球後油炸做成,5,1,3
名詞,日常飲食,食物,地瓜球,常出現在夜市,1,3,4
名詞,日常飲食,食物,地瓜球,通常小份30大份50,4,4,6
名詞,日常飲食,食物,地瓜球,用紙袋裝，用竹籤戳著吃,6,5,5
名詞,日常飲食,食物,地瓜球,QQ的，外觀看起來是圓形,2,2,2
名詞,日常飲食,食物,雞排,通常用雞胸肉拍扁後裹粉油炸,4,2,5
名詞,日常飲食,食物,雞排,常出現在鹹酥雞攤或是夜市,1,1,4
名詞,日常飲食,食物,雞排,為台灣特色小吃,3,3,6
名詞,日常飲食,食物,雞排,會撒上胡椒粉、辣椒粉、梅粉等,5,4,3
名詞,日常飲食,食物,雞排,吃起來香脆多汁,6,5,2
名詞,日常飲食,食物,雞排,這是一塊炸XX,2,6,1
名詞,日常飲食,食物,冰淇淋,我要買一個XXX,2,6,1
名詞,日常飲食,食物,冰淇淋,小孩很愛吃的,3,4,2
名詞,日常飲食,食物,冰淇淋,叭噗!,1,1,3
名詞,日常飲食,食物,冰淇淋,可以選擇杯裝或餅乾裝,6,2,4
名詞,日常飲食,食物,冰淇淋,吃起來冰涼黏稠,5,5,5
名詞,日常飲食,食物,冰淇淋,溶化後像奶昔,4,3,6
名詞,日常飲食,食物,湯圓,一種由糯米粉製成的食品,5,6,6
名詞,日常飲食,食物,湯圓,口感Q彈，通常搭配甜湯,6,4,4
名詞,日常飲食,食物,湯圓,一顆圓圓的有的是白色有的是紅色,2,2,1
名詞,日常飲食,食物,湯圓,有甜的、鹹的兩種吃法,4,5,2
名詞,日常飲食,食物,湯圓,台灣農曆元宵節、冬至常見,1,1,3
名詞,日常飲食,食物,湯圓,吃了就會多一歲,3,3,5
名詞,日常飲食,食物,蛋糕,生日的時候會吃，還會在上面插蠟燭,1,1,4
名詞,日常飲食,食物,蛋糕,我要吃一塊XX,4,6,2
名詞,日常飲食,食物,蛋糕,我拿刀子切XX,3,5,1
名詞,日常飲食,食物,蛋糕,提拉米蘇、黑森林、起酥,6,2,3
名詞,日常飲食,食物,蛋糕,搭配茶或咖啡一起吃,2,3,5
名詞,日常飲食,食物,蛋糕,作為點心、非正餐,5,4,6
名詞,日常飲食,食物,豆花,一種用黃豆製成的甜點,4,5,6
名詞,日常飲食,食物,豆花,口感滑嫩，通常搭配糖水,5,4,5
名詞,日常飲食,食物,豆花,可以加珍珠、紅豆、綠豆等配料,3,3,3
名詞,日常飲食,食物,豆花,有冰的、熱的兩種吃法,2,2,2
名詞,日常飲食,食物,豆花,台灣夜市、傳統市場常見,1,6,4
名詞,日常飲食,食物,豆花,有些人會加薑汁增加風味,6,1,1
名詞,日常飲食,喝,豆漿,我吃燒餅油條配XX,2,2,2
名詞,日常飲食,喝,豆漿,中式飲品，以黃豆與水製成,6,1,3
名詞,日常飲食,喝,豆漿,常作為早餐搭配的飲品,3,5,4
名詞,日常飲食,喝,豆漿,這是一杯XX,4,6,1
名詞,日常飲食,喝,豆漿,可以加糖更好喝,5,3,5
名詞,日常飲食,喝,豆漿,最佳搭配是油條,1,4,6
名詞,日常飲食,喝,珍珠奶茶,很多飲料店都有賣的,1,5,3
名詞,日常飲食,喝,珍珠奶茶,是一種飲料甜甜的,3,4,4
名詞,日常飲食,喝,珍珠奶茶,要用大吸管才吸得起來,4,2,2
名詞,日常飲食,喝,珍珠奶茶,台灣人喜歡喝XXXX,2,1,1
名詞,日常飲食,喝,珍珠奶茶,會帶飲料提袋裝,5,3,5
名詞,日常飲食,喝,珍珠奶茶,自備飲料杯-5元,6,6,6
名詞,日常飲食,喝,紅茶,一種深色的茶飲，通常帶有苦味,5,2,4
名詞,日常飲食,喝,紅茶,加糖、檸檬或牛奶可以變成不同風味,4,4,2
名詞,日常飲食,喝,紅茶,我要喝冰XX,2,6,1
名詞,日常飲食,喝,紅茶,產地包括斯里蘭卡、印度、台灣等,6,1,5
名詞,日常飲食,喝,紅茶,通常需要熱水沖泡,3,3,3
名詞,日常飲食,喝,紅茶,飲料店有在賣,1,5,6
名詞,日常起居,服飾&配件,衣服,這是一件XX,1,4,1
名詞,日常起居,服飾&配件,衣服,天氣很熱我要脫XX,4,2,3
名詞,日常起居,服飾&配件,衣服,髒了會放到洗衣機洗,2,1,4
名詞,日常起居,服飾&配件,衣服,天氣很冷我要穿XX,5,3,2
名詞,日常起居,服飾&配件,衣服,平時不穿會放在櫃子裡,3,5,5
名詞,日常起居,服飾&配件,衣服,冬天穿太少會冷，夏天穿太多會熱,6,6,6
名詞,日常起居,服飾&配件,帽子,頭部穿戴的配件,1,1,4
名詞,日常起居,服飾&配件,帽子,有遮陽、防寒、裝飾等用途,3,3,2
名詞,日常起居,服飾&配件,帽子,有棒球帽、毛帽、紳士帽等款式,4,2,3
名詞,日常起居,服飾&配件,帽子,頂部通常有圓弧形結構,5,4,5
名詞,日常起居,服飾&配件,帽子,我戴一頂XX,2,5,1
名詞,日常起居,服飾&配件,帽子,冬天的款式有時會加內襯,6,6,6
名詞,日常起居,服飾&配件,襪子,穿在腳上保暖,1,5,2
名詞,日常起居,服飾&配件,襪子,聖誕老人會把禮物放在裡面,2,1,3
名詞,日常起居,服飾&配件,襪子,棉或毛的材質,5,6,5
名詞,日常起居,服飾&配件,襪子,穿鞋前，先穿上XX，腳才不會直接接觸鞋內,3,2,1
名詞,日常起居,服飾&配件,襪子,會成對的收好,4,3,6
名詞,日常起居,服飾&配件,襪子,穿著時會包裹住腳踝、腳跟和腳趾,6,4,4
名詞,日常起居,生活用品,牙刷,清潔牙齒的工具,1,3,3
名詞,日常起居,生活用品,牙刷,一端有長長的柄，一端有許多刷毛,5,5,6
名詞,日常起居,生活用品,牙刷,配合牙膏一起使用,3,2,4
名詞,日常起居,生活用品,牙刷,每天早上起床會使用XX,4,4,1
名詞,日常起居,生活用品,牙刷,要定期更換，不然毛會變形,6,6,5
名詞,日常起居,生活用品,牙刷,刷牙要用的,2,1,2
名詞,日常起居,生活用品,傘,下雨的時候人們會撐X,1,1,1
名詞,日常起居,生活用品,傘,有一根長長的柄，頂部是圓形的布面,3,4,6
名詞,日常起居,生活用品,傘,遇到強風時，X會開花,5,3,3
名詞,日常起居,生活用品,傘,用完後要晾乾，不然會發霉,6,6,5
名詞,日常起居,生活用品,傘,有長有短，有些可以收到包包裡,4,5,4
名詞,日常起居,生活用品,傘,出大太陽的時候人們會撐X,2,2,2
名詞,日常起居,生活用品,杯子,用來裝水、茶或咖啡等飲品的容器,4,2,2
名詞,日常起居,生活用品,杯子,有的有把手，方便拿取，底部平穩,2,4,3
名詞,日常起居,生活用品,杯子,有玻璃、陶瓷、不鏽鋼等材質,3,5,4
名詞,日常起居,生活用品,杯子,我們喝水會用XX,1,1,1
名詞,日常起居,生活用品,杯子,有圓形的開口,5,6,6
名詞,日常起居,生活用品,杯子,有些有保溫功能，能保持飲品的溫度,6,3,5
名詞,日常起居,生活用品,洗髮精,清潔頭髮會用的清潔劑,1,2,2
名詞,日常起居,生活用品,洗髮精,罐裝，擠出來是液體，通常會起泡沫,3,6,4
名詞,日常起居,生活用品,洗髮精,洗頭髮要用的,2,1,1
名詞,日常起居,生活用品,洗髮精,有些標榜無矽靈，適合細軟髮或敏感頭皮,6,3,6
名詞,日常起居,生活用品,洗髮精,常與潤髮乳一起使用,4,4,5
名詞,日常起居,生活用品,洗髮精,擠太多很難沖乾淨，洗頭時要適量使用,5,5,3
名詞,日常起居,生活用品,剪刀,刀刃銳利，可以輕鬆剪開紙張或布料,1,2,3
名詞,日常起居,生活用品,剪刀,由兩片金屬刀片交錯構成,4,4,4
名詞,日常起居,生活用品,剪刀,大部分是塑膠手柄,5,5,5
名詞,日常起居,生活用品,剪刀,需要按壓手柄才能使用,6,3,6
名詞,日常起居,生活用品,剪刀,這是一把XX,3,6,2
名詞,日常起居,生活用品,剪刀,用來剪開東西的,2,1,1
名詞,日常起居,生活用品,眼鏡,主要用來矯正視力,1,3,3
名詞,日常起居,生活用品,眼鏡,需根據個人視力度數進行定制,4,2,6
名詞,日常起居,生活用品,眼鏡,造型有圓的、方的，也有無框的,5,6,5
名詞,日常起居,生活用品,眼鏡,適用於閱讀、駕駛、日常生活或戶外活動,6,4,4
名詞,日常起居,生活用品,眼鏡,我帶一副XX,2,5,1
名詞,日常起居,生活用品,眼鏡,太陽XX,3,1,2
名詞,日常起居,生活用品,衛生紙,擦鼻涕要拿XXX,1,2,1
名詞,日常起居,生活用品,衛生紙,有抽取式、捲筒式、乾濕結合等類型,4,5,3
名詞,日常起居,生活用品,衛生紙,用於清潔與擦拭,3,4,5
名詞,日常起居,生活用品,衛生紙,上完廁所要用的,2,1,4
名詞,日常起居,生活用品,衛生紙,質地柔軟,6,6,6
名詞,日常起居,生活用品,衛生紙,舒潔XXX,5,3,2
名詞,日常起居,生活用品,毛巾,用來擦乾身體或臉部的布料,4,2,4
名詞,日常起居,生活用品,毛巾,柔軟吸水，通常是長方形,5,4,5
名詞,日常起居,生活用品,毛巾,洗完澡後會使用,1,5,3
名詞,日常起居,生活用品,毛巾,需要定期清洗，避免細菌孳生,6,6,6
名詞,日常起居,生活用品,毛巾,洗臉要用的,2,1,2
名詞,日常起居,生活用品,毛巾,這是一條XX,3,3,1
名詞,日常起居,家具,床,會躺在上面睡覺的家具,1,1,4
名詞,日常起居,家具,床,有單人、雙人，甚至還有上下舖的款式,6,4,3
名詞,日常起居,家具,床,這是一張X,2,5,1
名詞,日常起居,家具,床,比沙發大，能夠整個人躺平休息,5,2,5
名詞,日常起居,家具,床,有收納空間，底下可以放東西,4,6,6
名詞,日常起居,家具,床,上面有枕頭、棉被,3,3,2
名詞,日常起居,家具,鏡子,整理服裝會照XX,1,3,1
名詞,日常起居,家具,鏡子,表面是玻璃製作的,2,2,5
名詞,日常起居,家具,鏡子,能反射出你的樣子，讓你看到自己,3,1,2
名詞,日常起居,家具,鏡子,美容院、理髮店裡，一定會有大面XX,4,4,3
名詞,日常起居,家具,鏡子,試穿衣服時，會站在XX前面看看合不合適,5,5,4
名詞,日常起居,家具,鏡子,用久會變髒，需要擦拭才能更清晰,6,6,6
名詞,日常起居,家具,桌子,四隻腳的家具,1,5,6
名詞,日常起居,家具,桌子,常會跟椅子一起出現,2,1,3
名詞,日常起居,家具,桌子,這是一張XX,3,4,1
名詞,日常起居,家具,桌子,我把東西放在XX,4,6,2
名詞,日常起居,家具,桌子,吃飯時大家會圍著它坐下來,6,2,5
名詞,日常起居,家具,桌子,常為長方形或圓形，有時可以折疊,5,3,4
名詞,日常起居,家具,衣櫃,用來收納衣服的大型家具,1,4,3
名詞,日常起居,家具,衣櫃,通常有門可以關起來防塵,4,5,5
名詞,日常起居,家具,衣櫃,內部有掛衣桿和抽屜,5,3,4
名詞,日常起居,家具,衣櫃,有木製、塑膠、金屬等材質,6,6,6
名詞,日常起居,家具,衣櫃,衣服要掛在XX,2,1,1
名詞,日常起居,家具,衣櫃,衣服太多了所以要買XX,3,2,2
名詞,日常起居,電器用品,冰箱,牛奶放在XX,3,2,1
名詞,日常起居,電器用品,冰箱,通常放在廚房,1,6,4
名詞,日常起居,電器用品,冰箱,冷藏食物的地方,4,1,2
名詞,日常起居,電器用品,冰箱,用來儲藏食物,6,4,3
名詞,日常起居,電器用品,冰箱,長方形，有兩個門,5,5,6
名詞,日常起居,電器用品,冰箱,阿嬤從XX拿出菜和肉準備煮飯,2,3,5
名詞,日常起居,電器用品,瓦斯爐,阿嬤要煮菜會打開XXX,3,1,1
名詞,日常起居,電器用品,瓦斯爐,通常放在廚房,1,2,3
名詞,日常起居,電器用品,瓦斯爐,鍋子、鍋鏟,5,6,5
名詞,日常起居,電器用品,瓦斯爐,用來加熱食物,6,4,2
名詞,日常起居,電器用品,瓦斯爐,要特別注意安全,4,5,6
名詞,日常起居,電器用品,瓦斯爐,煮飯的工具,2,3,4
名詞,日常起居,電器用品,冷氣,在夏天或炎熱地區會使用,3,3,6
名詞,日常起居,電器用品,冷氣,有分體式、窗型、中央空調等類型,4,2,4
名詞,日常起居,電器用品,冷氣,利用壓縮機與冷媒降溫的電器,5,5,3
名詞,日常起居,電器用品,冷氣,開27度可以環保愛地球,6,6,5
名詞,日常起居,電器用品,冷氣,天氣很熱要打開XX,2,1,1
名詞,日常起居,電器用品,冷氣,爸爸坐在客廳吹XX,1,4,2
名詞,日常起居,電器用品,除濕機,台灣很濕，幾乎家家戶戶都有一台,1,1,4
名詞,日常起居,電器用品,除濕機,有些在室內曬衣服的會開,2,5,2
名詞,日常起居,電器用品,除濕機,會吹出熱熱的風,4,6,6
名詞,日常起居,電器用品,除濕機,水滿了就要倒掉,5,2,1
名詞,日常起居,電器用品,除濕機,可以有效避免家具發霉、壁癌,3,3,3
名詞,日常起居,電器用品,除濕機,作用跟加濕器相反,6,4,5
名詞,日常起居,電器用品,插座,我把插頭插在XX,1,1,1
名詞,日常起居,電器用品,插座,充電就需要用到,2,2,2
名詞,日常起居,電器用品,插座,延長線、豬鼻孔、插頭,3,5,3
名詞,日常起居,電器用品,插座,通電,5,6,5
名詞,日常起居,電器用品,插座,幫手機充電需要，XX、充電線、插頭,6,3,4
名詞,日常起居,電器用品,插座,家中的充電、供電系統,4,4,6
名詞,日常起居,電器用品,熱水瓶,用來煮熟生水的工具,6,5,4
名詞,日常起居,電器用品,熱水瓶,喝水前需要先煮過，這是煮沸的工具,5,2,3
名詞,日常起居,電器用品,熱水瓶,用來燒開水的工具,2,1,1
名詞,日常起居,電器用品,熱水瓶,通常需要插電,3,3,6
名詞,日常起居,電器用品,熱水瓶,煮沸後會跳起來,4,6,5
名詞,日常起居,電器用品,熱水瓶,加熱液體用的工具，通常用於加熱水,1,4,2
名詞,日常起居,電器用品,洗衣機,在清潔時，機器內部會轉動,2,4,3
名詞,日常起居,電器用品,洗衣機,把衣服丟進去清潔,1,2,2
名詞,日常起居,電器用品,洗衣機,需要加入水和清潔劑才能洗乾淨,4,3,4
名詞,日常起居,電器用品,洗衣機,洗乾淨後機器會用離心力脫水,5,5,6
名詞,日常起居,電器用品,洗衣機,會外接一根水管,6,6,5
名詞,日常起居,電器用品,洗衣機,髒衣服要丟進去XXX,3,1,1
名詞,日常起居,電器用品,手機,我正在滑XX,1,1,1
名詞,日常起居,電器用品,手機,現在人手一支XX,4,5,2
名詞,日常起居,電器用品,手機,打電話、連線網路、打視訊電話,5,2,4
名詞,日常起居,電器用品,手機,耳機、充電線、網路,6,6,6
名詞,日常起居,電器用品,手機,我XX沒電了,2,3,3
名詞,日常起居,電器用品,手機,通常人會隨身攜帶的,3,4,5
名詞,日常起居,電器用品,吸塵器 ,用來清潔地板、地毯或家具上的灰塵與髒汙,1,5,4
名詞,日常起居,電器用品,吸塵器 ,分為無線與有線兩種,6,6,5
名詞,日常起居,電器用品,吸塵器 ,手持式、拖地型、掃地機器人,5,4,3
名詞,日常起居,電器用品,吸塵器 ,DysonXXX,4,1,6
名詞,日常起居,電器用品,吸塵器 ,吸地、吸塵、打掃,3,2,2
名詞,日常起居,電器用品,吸塵器 ,打掃房間時，媽媽會拿XXX來吸地板,2,3,1
名詞,日常起居,電器用品,烤箱,用來烘焙食物,1,3,3
名詞,日常起居,電器用品,烤箱,會產生高溫，使用時要小心燙傷,4,2,4
名詞,日常起居,電器用品,烤箱,有旋風烤、上下火調整功能,5,1,6
名詞,日常起居,電器用品,烤箱,預熱、定時、溫度調整,6,4,5
名詞,日常起居,電器用品,烤箱,這是一台XX,3,6,1
名詞,日常起居,電器用品,烤箱,把麵包放進XX加熱一下,2,5,2
名詞,日常起居,電器用品,電鍋,家家戶戶常見的多功能炊煮工具,3,3,4
名詞,日常起居,電器用品,電鍋,可以煮飯、蒸菜、燉湯、煮粥,4,2,3
名詞,日常起居,電器用品,電鍋,內鍋、外鍋、加熱板、保溫開關,6,5,6
名詞,日常起居,電器用品,電鍋,需要加水來控制加熱時間,5,4,5
名詞,日常起居,電器用品,電鍋,煮飯要用XX,2,6,2
名詞,日常起居,電器用品,電鍋,大同XX,1,1,1
名詞,日常起居,電器用品,電話,與人通訊的工具,1,3,3
名詞,日常起居,電器用品,電話,我要打XX,3,1,1
名詞,日常起居,電器用品,電話,有0～9的數字按鍵,5,5,5
名詞,日常起居,電器用品,電話,有回撥功能,6,6,4
名詞,日常起居,電器用品,電話,我接到詐騙XX,4,2,2
名詞,日常起居,電器用品,電話,家裡、學校、辦公室等各種地方都有,2,4,6
名詞,日常起居,電器用品,電視,有遙控器，可以換頻道或控制音量,5,1,6
名詞,日常起居,電器用品,電視,放在客廳或房間裡，全家人常圍著看XX,1,6,1
名詞,日常起居,電器用品,電視,有線網路、第四台,3,2,4
名詞,日常起居,電器用品,電視,很多人吃飯配XX,2,5,2
名詞,日常起居,電器用品,電視,阿嬤打開XX,4,4,5
名詞,日常起居,電器用品,電視,有八點檔、新聞、綜藝節目、電影和卡通等節目,6,3,3
名詞,日常起居,電器用品,電燈,晚上暗暗的要開XX,2,1,1
名詞,日常起居,電器用品,電燈,裝在室內天花板、街道或戶外環境等,4,4,5
名詞,日常起居,電器用品,電燈,每個人家裡都有XX,3,5,2
名詞,日常起居,電器用品,電燈,會連接開關,6,6,6
名詞,日常起居,電器用品,電燈,可以照亮空間、提供光源的照明設備,1,2,3
名詞,日常起居,電器用品,電燈,可以設定白光、柔光、黃光,5,3,4
名詞,日常起居,電器用品,吹風機,用於吹乾頭髮和造型,1,1,1
名詞,日常起居,電器用品,吹風機,頭髮濕掉時要用的,3,2,2
名詞,日常起居,電器用品,吹風機,插入電源才能使用，和其他電器一起用可能跳電,5,4,3
名詞,日常起居,電器用品,吹風機,適合家庭、理髮店或旅遊時使用,2,3,5
名詞,日常起居,電器用品,吹風機,附有風嘴、擴散器等，用於不同造型需求,6,5,4
名詞,日常起居,電器用品,吹風機,部分有折疊設計，方便攜帶,4,6,6
名詞,日常起居,電器用品,電風扇,炎熱時用來吹風降溫,1,4,3
名詞,日常起居,電器用品,電風扇,有立式、桌上型、吊掛式等多種款式,5,3,4
名詞,日常起居,電器用品,電風扇,葉片會一直旋轉，頭也會一直轉,6,2,5
名詞,日常起居,電器用品,電風扇,這是一台XXX,2,6,2
名詞,日常起居,電器用品,電風扇,插電後即可使用,4,5,6
名詞,日常起居,電器用品,電風扇,天氣熱要吹XXX,3,1,1
名詞,日常起居,輔具,拐杖,一種幫助行走的輔助工具,4,1,3
名詞,日常起居,輔具,拐杖,通常由木頭、鋁合金或碳纖維製成,5,4,6
名詞,日常起居,輔具,拐杖,有標準型、四腳型或摺疊款式,6,5,5
名詞,日常起居,輔具,拐杖,在行走時可減少跌倒風險,3,6,4
名詞,日常起居,輔具,拐杖,特別適合行動不便、腳有受傷的人使用,2,3,2
名詞,日常起居,輔具,拐杖,阿嬤走路會使用XX,1,2,1
名詞,日常起居,輔具,助聽器,幫助聽力較弱的人放大外界聲音,1,1,2
名詞,日常起居,輔具,助聽器,依據使用者的聽力狀況調整音量與頻率,4,3,4
名詞,日常起居,輔具,助聽器,佩戴在耳朵上,2,2,1
名詞,日常起居,輔具,助聽器,需要定期更換電池或充電,5,6,6
名詞,日常起居,輔具,助聽器,初次使用需要適應，避免回音或雜音干擾,6,4,5
名詞,日常起居,輔具,助聽器,使用這種設備後，能更容易聽見聲音,3,5,3
名詞,日常起居,輔具,假牙,取代掉落或缺失的牙齒,3,2,2
名詞,日常起居,輔具,假牙,可分為全口與局部,4,4,4
名詞,日常起居,輔具,假牙,需要每天清潔，避免細菌滋生,5,5,5
名詞,日常起居,輔具,假牙,剛戴上時可能會有異物感,6,6,6
名詞,日常起居,輔具,假牙,阿公吃飯要戴XX,1,1,1
名詞,日常起居,輔具,假牙,幫助長輩恢復正常飲食,2,3,3
名詞,日常起居,輔具,護膝,主要用來支撐膝蓋,3,1,2
名詞,日常起居,輔具,護膝,減少運動或行走時的不適,1,6,3
名詞,日常起居,輔具,護膝,適合冬天或關節炎患者使用,5,5,6
名詞,日常起居,輔具,護膝,幫助長輩爬樓梯時減輕膝蓋的壓力,6,2,4
名詞,日常起居,輔具,護膝,阿公膝蓋痛要穿XX,2,3,1
名詞,日常起居,輔具,護膝,穿戴需要搭配復健運動，增強膝蓋周圍肌力,4,4,5
名詞,日常起居,輔具,藥盒,幫助分類與管理每天需要服用的藥物,1,1,2
名詞,日常起居,輔具,藥盒,一般有標示「早、午、晚」,2,2,5
名詞,日常起居,輔具,藥盒,有些時間到會發出聲音或震動,5,6,6
名詞,日常起居,輔具,藥盒,可以減少藥物混淆,6,3,1
名詞,日常起居,輔具,藥盒,方便外出時也能準時服用藥物,3,4,4
名詞,日常起居,輔具,藥盒,讓使用者能知道是否已服藥,4,5,3
名詞,日常起居,輔具,輪椅,協助行動不便者移動,3,1,2
名詞,日常起居,輔具,輪椅,阿公不能走路要坐XX,1,2,1
名詞,日常起居,輔具,輪椅,某些款式可折疊，方便攜帶或存放,6,6,5
名詞,日常起居,輔具,輪椅,可手動推動或電動,4,5,3
名詞,日常起居,輔具,輪椅,需要學習如何控制方向與煞車,5,4,6
名詞,日常起居,輔具,輪椅,還需要家人或看護協助推行,2,3,4
名詞,日常起居,文具,原子筆,可用來書寫的工具,1,2,2
名詞,日常起居,文具,原子筆,內含墨水，不需要削,6,4,5
名詞,日常起居,文具,原子筆,按一下或轉一下可推出筆芯,5,5,6
名詞,日常起居,文具,原子筆,各種顏色的筆都有,4,6,4
名詞,日常起居,文具,原子筆,考試、寫作、做筆記都會用到,3,3,3
名詞,日常起居,文具,原子筆,寫字要用XXX,2,1,1
名詞,日常起居,餐具,湯匙,當筷子不好夾東西時，可以用XX輔助,6,3,3
名詞,日常起居,餐具,湯匙,比筷子易使用，適合喝湯或吃流質食物,1,2,4
名詞,日常起居,餐具,湯匙,圓圓的、中間凹陷，用來舀湯或飯的工具,2,4,2
名詞,日常起居,餐具,湯匙,有長長的柄，適合舀杯裡的飲料,4,5,5
名詞,日常起居,餐具,湯匙,嬰兒用的特別小，邊緣圓滑，方便餵食,5,6,6
名詞,日常起居,餐具,湯匙,喝湯要用的,3,1,1
名詞,日常起居,餐具,碗,盛飯、湯或麵的器皿，形狀圓圓的,1,3,4
名詞,日常起居,餐具,碗,可以是陶瓷、不鏽鋼、塑膠或木頭材質製成的,6,6,5
名詞,日常起居,餐具,碗,吃飯要用的,2,1,1
名詞,日常起居,餐具,碗,比盤子深，能夠裝湯湯水水的食物,5,2,6
名詞,日常起居,餐具,碗,吃飯常要拿著它，搭配筷子或湯匙,4,4,2
名詞,日常起居,餐具,碗,中餐桌上，幾乎每個人都有一個自己的X,3,5,3
名詞,日常起居,餐具,叉子,吃西餐常用的餐具,1,2,1
名詞,日常起居,餐具,叉子,由金屬、塑膠或木頭製成,2,5,6
名詞,日常起居,餐具,叉子,通常有 3~4 個尖端,5,4,4
名詞,日常起居,餐具,叉子,可用來叉起肉、蔬菜、義大利麵等,3,3,2
名詞,日常起居,餐具,叉子,和刀子、湯匙常配套使用,4,1,3
名詞,日常起居,餐具,叉子,兒童款的XX會比較圓潤,6,6,5
名詞,日常起居,廚房用品,鍋子,炒菜完要洗XX,4,3,2
名詞,日常起居,廚房用品,鍋子,通常用來炒、燉煮食物,1,2,4
名詞,日常起居,廚房用品,鍋子,在廚房常見，算必備廚具,2,5,5
名詞,日常起居,廚房用品,鍋子,有不鏽鋼、陶瓷、不沾等各種種類,5,4,3
名詞,日常起居,廚房用品,鍋子,料理方式不同也需不同種類,6,6,6
名詞,日常起居,廚房用品,鍋子,這是一個炒菜的XX,3,1,1
名詞,日常起居,廚房用品,菜刀,用來切割食材的廚房工具,1,4,6
名詞,日常起居,廚房用品,菜刀,媽媽切菜用XX,3,2,1
名詞,日常起居,廚房用品,菜刀,有中式、西式、切水果等種類,5,6,5
名詞,日常起居,廚房用品,菜刀,可用來切菜、剁肉、削皮,2,3,4
名詞,日常起居,廚房用品,菜刀,會割傷手指,6,5,3
名詞,日常起居,廚房用品,菜刀,這是一把XX,4,1,2
名詞,日常起居,廚房用品,砧板,切菜時放在上面的工具,2,2,1
名詞,日常起居,廚房用品,砧板,通常用木頭或塑膠製成,4,4,3
名詞,日常起居,廚房用品,砧板,切生食和熟食時要分開使用,3,3,4
名詞,日常起居,廚房用品,砧板,有菜刀就有XX,5,1,2
名詞,日常起居,廚房用品,砧板,廚房必備的用品之一,1,5,6
名詞,日常起居,廚房用品,砧板,表面平整，不會卡住食材或殘渣,6,6,5
名詞,日常起居,調味,糖,一種調味料，吃起來甜甜的,2,1,3
名詞,日常起居,調味,糖,煮菜會加X,1,4,2
名詞,日常起居,調味,糖,有分粗X、細X、砂X、方X,3,2,1
名詞,日常起居,調味,糖,吃太多對胰臟不好,5,6,6
名詞,日常起居,調味,糖,用鍋子炒後會呈現棕色，並帶有焦香味,6,5,4
名詞,日常起居,調味,糖,有些加工食品會用甜味劑取代,4,3,5
名詞,日常起居,調味,鹽,一種調味劑，味道鹹鹹的,6,1,2
名詞,日常起居,調味,鹽,煮菜會加X,3,5,1
名詞,日常起居,調味,鹽,在古代是非常珍貴的物品,5,6,6
名詞,日常起居,調味,鹽,吃多了會洗腎,1,4,3
名詞,日常起居,調味,鹽,台南有一個知名觀光景點是X田,4,2,4
名詞,日常起居,調味,鹽,醃漬、甜點、家常菜等都用得到,2,3,5
名詞,日常起居,交通工具,汽車,四個輪子，在馬路上常見的交通工具,1,6,4
名詞,日常起居,交通工具,汽車,駕駛可以用方向盤控制XX的方向,5,4,6
名詞,日常起居,交通工具,汽車,需要加油才能行駛,6,5,5
名詞,日常起居,交通工具,汽車,爸爸開著一輛XX,2,2,1
名詞,日常起居,交通工具,汽車,高速公路上只能開XX,3,3,2
名詞,日常起居,交通工具,汽車,賓士XX,4,1,3
名詞,日常起居,交通工具,自行車,兩個輪子的交通工具,2,3,4
名詞,日常起居,交通工具,自行車,需要用腳踩踏板才能前進,1,2,2
名詞,日常起居,交通工具,自行車,阿公騎一輛XXX,3,6,1
名詞,日常起居,交通工具,自行車,需要平衡感才能騎得穩,6,1,3
名詞,日常起居,交通工具,自行車,運動或代步皆適合,5,5,5
名詞,日常起居,交通工具,自行車,不使用燃料，沒有污染，是綠色交通工具,4,4,6
名詞,日常起居,交通工具,摩托車,二輪交通工具,1,3,6
名詞,日常起居,交通工具,摩托車,我騎一輛XXX,3,4,1
名詞,日常起居,交通工具,摩托車,馬路上有很多XXX,4,5,2
名詞,日常起居,交通工具,摩托車,需要加汽油或電力才能運行,6,6,5
名詞,日常起居,交通工具,摩托車,有輕型、重型與電動等不同種類,5,1,3
名詞,日常起居,交通工具,摩托車,在台灣街頭非常常見，需要戴安全帽,2,2,4
名詞,日常起居,交通工具,高鐵,台灣最快速行駛的交通工具,1,1,4
名詞,日常起居,交通工具,高鐵,透過電力驅動，行駛於專用軌道上,4,6,5
名詞,日常起居,交通工具,高鐵,有商務車廂、標準車廂等不同座位選擇,5,2,6
名詞,日常起居,交通工具,高鐵,速度快速，最高時速300公里,3,5,2
名詞,日常起居,交通工具,高鐵,連接台北到高雄的主要城市，從北到南,6,4,3
名詞,日常起居,交通工具,高鐵,現在的人都不坐火車了都改搭XX,2,3,1
名詞,日常起居,交通工具,火車,行駛於鐵軌上的長途交通工具,1,5,3
名詞,日常起居,交通工具,火車,阿里山有森林小XX,3,1,1
名詞,日常起居,交通工具,火車,台北很遠所以要搭XX,2,6,5
名詞,日常起居,交通工具,火車,有區間、莒光、自強等不同種類,6,2,2
名詞,日常起居,交通工具,火車,連接台灣全島各主要城市,5,3,4
名詞,日常起居,交通工具,火車,需要購票搭乘，有分自由座和對號座,4,4,6
名詞,日常起居,交通工具,公車,跨越城市、郊區、鄉下的大眾交通工具,1,6,6
名詞,日常起居,交通工具,公車,有些上下都要刷卡,3,2,3
名詞,日常起居,交通工具,公車,票價便宜,5,5,4
名詞,日常起居,交通工具,公車,有固定路線與站牌，需依時刻表搭乘,4,3,5
名詞,日常起居,交通工具,公車,不想搭乘了要按鈴才可離開,6,1,2
名詞,日常起居,交通工具,公車,我要去搭XX,2,4,1
名詞,地點,娛樂場所,電影院,可以看電影的大螢幕場所,3,1,1
名詞,地點,娛樂場所,電影院,需要買票入場,1,3,3
名詞,地點,娛樂場所,電影院,座位排成階梯狀，讓觀眾看得清楚,2,5,6
名詞,地點,娛樂場所,電影院,放映前會播預告片,4,6,5
名詞,地點,娛樂場所,電影院,觀影時燈光會變暗,5,4,4
名詞,地點,娛樂場所,電影院,有些影廳提供 IMAX、4D 等不同體驗,6,2,2
名詞,地點,娛樂場所,公園,提供人們休閒、運動和娛樂的開放空間,1,5,6
名詞,地點,娛樂場所,公園,有綠地、樹木和步道,4,4,5
名詞,地點,娛樂場所,公園,設有兒童遊樂場、涼亭、長椅等設施,5,1,4
名詞,地點,娛樂場所,公園,適合散步、慢跑的區域,6,6,3
名詞,地點,娛樂場所,公園,阿嬤一早起來去XX運動,2,3,2
名詞,地點,娛樂場所,公園,我家附近有一座XX,3,2,1
名詞,地點,交通場所,機場,乘客搭飛機的地方,1,1,1
名詞,地點,交通場所,機場,有入境、出境、航站樓等區域,3,4,2
名詞,地點,交通場所,機場,需要通過安檢才能登機,4,2,5
名詞,地點,交通場所,機場,內部有免稅商店和餐廳,5,6,6
名詞,地點,交通場所,機場,乘客會在這裡辦理登機手續,6,5,4
名詞,地點,交通場所,機場,有飛機跑道供飛機起飛與降落,2,3,3
名詞,地點,學校,圖書館,學生讀書、借書的地方,2,3,2
名詞,地點,學校,圖書館,需要辦借書證才能外借,3,2,5
名詞,地點,學校,圖書館,內部通常很安靜,4,6,3
名詞,地點,學校,圖書館,提供人們借書還書的地方,1,1,1
名詞,地點,學校,圖書館,有些大學的XXX開放 24 小時,6,4,4
名詞,地點,學校,圖書館,有電腦可以查詢館藏資料,5,5,6
名詞,地點,運動場所,操場,可以運動、體育鍛煉的地方,1,3,3
名詞,地點,運動場所,操場,學校裡面都有XX,3,2,1
名詞,地點,運動場所,操場,可以進行跑步、跳遠、木球等運動,5,1,5
名詞,地點,運動場所,操場,有室內和室外兩種形式,4,4,2
名詞,地點,運動場所,操場,學校、社區、公園等地常見,2,5,4
名詞,地點,運動場所,操場,有些設有夜間照明，方便晚間運動,6,6,6
名詞,地點,運動場所,游泳池,可以游泳的地方,1,1,1
名詞,地點,運動場所,游泳池,需要穿泳衣、戴泳帽才能入池,2,4,2
名詞,地點,運動場所,游泳池,分為淺水區與深水區,3,5,3
名詞,地點,運動場所,游泳池,室外XXX夏天人特別多,4,3,5
名詞,地點,運動場所,游泳池,有些地方會有溫水池,5,2,4
名詞,地點,運動場所,游泳池,比賽泳道通常是 50 公尺長,6,6,6
名詞,地點,購物場所,超級市場,購買食品、日用品的大型商店,1,3,3
名詞,地點,購物場所,超級市場,有生鮮區、冷凍區、乾貨區等,3,2,2
名詞,地點,購物場所,超級市場,推購物車或提籃子選購,2,4,4
名詞,地點,購物場所,超級市場,全聯是一家XXXX,4,1,1
名詞,地點,購物場所,超級市場,常有促銷優惠,5,5,5
名詞,地點,購物場所,超級市場,一般會播放輕音樂,6,6,6
名詞,地點,購物場所,菜市場,清晨最熱鬧，賣蔬果、肉類和海鮮的地方,1,2,3
名詞,地點,購物場所,菜市場,許多攤販擺滿新鮮的食材讓人挑選購買,4,3,4
名詞,地點,購物場所,菜市場,早上人最多，中午有些攤位就收攤了,5,1,5
名詞,地點,購物場所,菜市場,肉攤師傅會熟練地切肉，依顧客需求分塊,6,5,6
名詞,地點,購物場所,菜市場,媽媽一早就去XXX,3,6,1
名詞,地點,購物場所,菜市場,要買菜要買肉要去XXX,2,4,2
名詞,地點,金融機構,郵局,可以開戶存錢的地方,1,5,5
名詞,地點,金融機構,郵局,領掛號信要去XX,2,2,1
名詞,地點,金融機構,郵局,郵差工作的地方,3,1,2
名詞,地點,金融機構,郵局,綠色的招牌，這裡可以寄信和包裹,6,3,4
名詞,地點,金融機構,郵局,有些人會來這裡繳水電費或其他帳單,5,6,6
名詞,地點,金融機構,郵局,領包裹時，需要帶身份證或通知單,4,4,3
名詞,地點,醫療場所,藥局,販售藥品及健康用品,1,3,1
名詞,地點,醫療場所,藥局,有藥師提供專業諮詢與指導,2,1,3
名詞,地點,醫療場所,藥局,可以購買處方藥、成藥、保健食品,4,2,2
名詞,地點,醫療場所,藥局,有些會提供血壓量測和領取口罩等服務,5,6,5
名詞,地點,醫療場所,藥局,是獲取藥品的重要場所,6,4,4
名詞,地點,醫療場所,藥局,要買感冒藥要去XX,3,5,6
名詞,地點,醫療場所,醫院,受傷、身體不健康、感冒的人都會去的地方,3,4,2
名詞,地點,醫療場所,醫院,有門診、急診和住院部門,4,3,3
名詞,地點,醫療場所,醫院,可以接受診斷、治療、手術,5,5,4
名詞,地點,醫療場所,醫院,設有內科、外科、婦產科、小兒科等不同科別,6,6,5
名詞,地點,醫療場所,醫院,救護車送受傷的人去XX,2,2,1
名詞,地點,醫療場所,醫院,有醫生有護理師的地方,1,1,6
名詞,自然環境,動物,貓,有柔軟的毛，發出「喵喵」的叫聲,1,1,2
名詞,自然環境,動物,貓,喜歡用舌頭舔毛，把自己整理得乾淨,4,2,3
名詞,自然環境,動物,貓,有時很黏人，有時愛獨處，個性多變,6,6,4
名詞,自然環境,動物,貓,很多人家裡會養的動物,2,3,6
名詞,自然環境,動物,貓,眼睛在黑暗中會發光,5,4,5
名詞,自然環境,動物,貓,這是一隻X,3,5,1
名詞,自然環境,動物,狗,人類最忠實的動物,5,2,3
名詞,自然環境,動物,狗,十二生肖排行十一的動物,2,6,6
名詞,自然環境,動物,狗,四隻腳，會汪汪叫的動物,1,1,1
名詞,自然環境,動物,狗,忠誠又活潑，看到主人會開心地搖尾巴,6,4,2
名詞,自然環境,動物,狗,會幫主人看家的動物,3,3,4
名詞,自然環境,動物,狗,很多人家裡會養的動物,4,5,5
名詞,自然環境,動物,牛,以前農夫常用來耕田的動物,1,2,2
名詞,自然環境,動物,牛,十二生肖排行第二的動物,2,4,5
名詞,自然環境,動物,牛,可做成肉乾食用,6,6,6
名詞,自然環境,動物,牛,主要以草為食，經常在草地上低頭吃草,3,3,3
名詞,自然環境,動物,牛,發出「哞哞」的叫聲,5,1,1
名詞,自然環境,動物,牛,身形壯碩，常見於農村或牧場的動物,4,5,4
名詞,自然環境,動物,雞,早上會叫人們起床的動物,3,3,1
名詞,自然環境,動物,雞,人們會吃牠生的蛋,2,2,4
名詞,自然環境,動物,雞,十二生肖排行第十的動物,1,6,6
名詞,自然環境,動物,雞,有羽毛，兩隻腳，有紅色冠的動物,5,4,3
名詞,自然環境,動物,雞,發出「咯咯咯」的叫聲,4,1,2
名詞,自然環境,動物,雞,吃穀物、蟲子，有時候也會啄地上的食物,6,5,5
名詞,自然環境,動物,豬,常常用來罵人懶惰,5,1,2
名詞,自然環境,動物,豬,十二生肖排行最後的動物,1,5,6
名詞,自然環境,動物,豬,可做成肉乾食用,4,6,4
名詞,自然環境,動物,豬,香腸的主要原料,3,3,3
名詞,自然環境,動物,豬,他真的是笨X,6,2,1
名詞,自然環境,動物,豬,雜食性，愛吃穀物、蔬菜，甚至廚餘,2,4,5
動詞,日常行為,動作,刷牙,正確的XX方式是由上往下、由內到外,6,4,5
動詞,日常行為,動作,刷牙,維持口腔健康的重要日常習慣,5,3,4
動詞,日常行為,動作,刷牙,幫助預防蛀牙和牙周病,4,5,2
動詞,日常行為,動作,刷牙,每天早晚都要做，保持口腔清潔,3,2,3
動詞,日常行為,動作,刷牙,我用牙刷XX,1,1,1
動詞,日常行為,動作,刷牙,飯後進行可以讓口氣更清新,2,6,6
動詞,日常行為,動作,吃飯,一天三餐,6,5,5
動詞,日常行為,動作,吃飯,每天都要做的事情，補充身體所需的能量,5,4,3
動詞,日常行為,動作,吃飯,肚子餓就會想要XX,1,2,1
動詞,日常行為,動作,吃飯,XX前會先洗手,2,1,2
動詞,日常行為,動作,吃飯,要細嚼慢嚥，才好消化食物,4,3,6
動詞,日常行為,動作,吃飯,用筷子、湯匙或叉子，把食物送進嘴裡,3,6,4
動詞,日常行為,動作,睡覺,每天晚上都要做的事，讓身體恢復活力,5,4,5
動詞,日常行為,動作,睡覺,太累的時候會想XX,2,1,1
動詞,日常行為,動作,睡覺,閉上眼睛，躺在床上XX,1,2,2
動詞,日常行為,動作,睡覺,有時候會做夢,4,5,4
動詞,日常行為,動作,睡覺,一張床、一個枕頭和一條被子,3,3,3
動詞,日常行為,動作,睡覺,適當的時間內完成這件事，有助於健康,6,6,6
動詞,日常行為,動作,洗澡,讓身體保持乾淨清新的動作,5,5,6
動詞,日常行為,動作,洗澡,用水、肥皂或沐浴乳洗身體,3,4,4
動詞,日常行為,動作,洗澡,分為淋浴或泡澡,6,2,3
動詞,日常行為,動作,洗澡,我在浴室XX,1,1,1
動詞,日常行為,動作,洗澡,流汗後想去浴室XX,2,3,2
動詞,日常行為,動作,洗澡,沖水時會有水滴從頭到腳流下來,4,6,5
動詞,日常行為,動作,掃地,用工具清理地面上的灰垢和垃圾,2,4,3
動詞,日常行為,動作,掃地,若長期不XX，地上會積滿灰塵或碎屑,3,6,4
動詞,日常行為,動作,掃地,在家裡、學校或辦公室常進行的清潔工作,4,5,5
動詞,日常行為,動作,掃地,會帶著畚箕，把垃圾集中起來倒掉,5,2,2
動詞,日常行為,動作,掃地,搭配拖地效果更好，讓地板變得更潔淨,6,3,6
動詞,日常行為,動作,掃地,阿嬤拿著掃把在XX,1,1,1
動詞,日常行為,動作,摺衣服,洗完衣服晾乾後要做的事,1,3,2
動詞,日常行為,動作,摺衣服,讓衣服變得整齊、不皺,2,6,1
動詞,日常行為,動作,摺衣服,需要雙手對齊衣服的邊緣,4,4,5
動詞,日常行為,動作,摺衣服,常會放進衣櫃或抽屜裡,3,5,4
動詞,日常行為,動作,摺衣服,衣服種類不同，摺法也不同,5,1,3
動詞,日常行為,動作,摺衣服,有些人會用專門的板子來幫助摺整齊,6,2,6
動詞,日常行為,動作,綁鞋帶,穿運動鞋時一定要做的動作,1,6,6
動詞,日常行為,動作,綁鞋帶,需要用兩條長長的帶子,4,3,4
動詞,日常行為,動作,綁鞋帶,我的鞋子要XXX,3,1,1
動詞,日常行為,動作,綁鞋帶,如果沒綁好，走路可能會絆倒,6,4,3
動詞,日常行為,動作,綁鞋帶,小朋友通常需要學習怎麼綁,5,5,5
動詞,日常行為,動作,綁鞋帶,有些鞋子有魔鬼氈，就不用XXX,2,2,2
動詞,日常行為,動作,擦桌子,餐後常做的清潔工作,2,3,2
動詞,日常行為,動作,擦桌子,需要用抹布或紙巾,1,1,1
動詞,日常行為,動作,擦桌子,可以去除灰塵、油漬或水漬,3,2,4
動詞,日常行為,動作,擦桌子,桌子表面變得乾淨又光滑,4,5,3
動詞,日常行為,動作,擦桌子,有時會用消毒噴霧來加強清潔,5,4,5
動詞,日常行為,動作,擦桌子,在餐廳、學校、辦公室都很常見,6,6,6
動詞,日常行為,動作,煮飯,要使用各種食材、廚具和調味料,4,6,6
動詞,日常行為,動作,煮飯,烹飪食物的概述,5,5,3
動詞,日常行為,動作,煮飯,會使用瓦斯爐、電磁爐、烤箱或微波爐料理,6,2,5
動詞,日常行為,動作,煮飯,在廚房會做的日常活動,3,3,4
動詞,日常行為,動作,煮飯,我們家都是媽媽在XX,2,1,1
動詞,日常行為,動作,煮飯,為了吃飯所做的行為,1,4,2
動詞,日常行為,動作,喝水,我拿杯子要XX,2,1,2
動詞,日常行為,動作,喝水,要使用杯子、瓶子或吸管來飲用,1,4,4
動詞,日常行為,動作,喝水,人每天必須做的事,5,5,3
動詞,日常行為,動作,喝水,一天最少飲用1500ml,4,3,6
動詞,日常行為,動作,喝水,杯子是用來XX,3,2,1
動詞,日常行為,動作,喝水,有些人會加入檸檬等來增加味道,6,6,5
動詞,日常行為,動作,聊天,人與人間的交流方式之一,3,2,5
動詞,日常行為,動作,聊天,用語言或文字進行溝通,1,6,2
動詞,日常行為,動作,聊天,可以分享心情、討論事情或開玩笑,2,5,3
動詞,日常行為,動作,聊天,可以使用手機、電腦或社交軟體遠距交流,5,3,4
動詞,日常行為,動作,聊天,在家裡、工作場合、咖啡廳等都很常見,6,4,6
動詞,日常行為,動作,聊天,我很喜歡跟別人一起XX,4,1,1
動詞,日常行為,動作,咳嗽,一種感冒症狀,1,3,3
動詞,日常行為,動作,咳嗽,我喉嚨癢癢的想要XX,3,2,1
動詞,日常行為,動作,咳嗽,新冠病毒的後遺症,2,5,6
動詞,日常行為,動作,咳嗽,與肺部疾病有關,6,4,4
動詞,日常行為,動作,咳嗽,我感冒了一直XX,4,1,2
動詞,日常行為,動作,咳嗽,會泡陳皮和柿餅茶來緩解症狀,5,6,5
動詞,日常行為,動作,上廁所,執行場所通常有分男生、女生或性別友善,1,6,5
動詞,日常行為,動作,上廁所,可以根據需求選擇蹲式或坐式,5,3,4
動詞,日常行為,動作,上廁所,解放生理需求,6,4,2
動詞,日常行為,動作,上廁所,我急著要去XXX,2,1,1
動詞,日常行為,動作,上廁所,有分小便或者大號,4,2,3
動詞,日常行為,動作,上廁所,會坐/蹲在馬桶上執行動作,3,5,6
動詞,日常行為,動作,擦汗,他拿手帕在XX,1,1,1
動詞,日常行為,動作,擦汗,天氣好熱讓人一直XX,2,3,2
動詞,日常行為,動作,擦汗,天氣炎熱或運動後很常見,3,4,5
動詞,日常行為,動作,擦汗,這個動作可以讓人感覺更乾爽,4,2,6
動詞,日常行為,動作,擦汗,會經常發生在額頭、脖子和手臂,5,5,4
動詞,日常行為,動作,擦汗,用力過大可能會讓皮膚泛紅,6,6,3
動詞,日常行為,動作,拍照,大家請排排站好我們要XX,2,3,2
動詞,日常行為,動作,拍照,他拿著相機正在XX,1,1,1
動詞,日常行為,動作,拍照,旅行、聚會或特別時刻常做,6,4,3
動詞,日常行為,動作,拍照,光線、角度和背景會影響結果,5,5,6
動詞,日常行為,動作,拍照,有些人喜歡在鏡頭前擺姿勢,3,2,4
動詞,日常行為,動作,拍照,這個動作能留下回憶，未來可以回顧,4,6,5
動詞,日常行為,動作,量體溫,當身體感覺不舒服時，常做的動作,1,4,3
動詞,日常行為,動作,量體溫,需要使用特定的測量工具,4,6,6
動詞,日常行為,動作,量體溫,可以測量不同部位，例如額頭或腋下,5,3,5
動詞,日常行為,動作,量體溫,太高的數字可能表示身體狀況異常,6,5,4
動詞,日常行為,動作,量體溫,他發燒了所以要XXX,2,2,1
動詞,日常行為,動作,量體溫,用體溫計要XXX,3,1,2
動詞,日常行為,動作,綁頭髮,整理外表，使其更整齊的動作,5,3,3
動詞,日常行為,動作,綁頭髮,需要使用特定的工具來固定,6,4,6
動詞,日常行為,動作,綁頭髮,有不同的方式，例如馬尾或辮子,3,2,2
動詞,日常行為,動作,綁頭髮,做得太緊可能會感到不舒服,4,6,5
動詞,日常行為,動作,綁頭髮,有些運動或活動需要這樣做，才能更方便行動,2,5,4
動詞,日常行為,動作,綁頭髮,媽媽拿髮圈XXX,1,1,1
動詞,日常行為,動作,擦眼鏡,讓一個透明的物品變得更清晰,4,5,6
動詞,日常行為,動作,擦眼鏡,需要使用特殊布料或紙巾來完成,2,2,2
動詞,日常行為,動作,擦眼鏡,太髒的時候，可能會影響視線,1,1,1
動詞,日常行為,動作,擦眼鏡,有時候會搭配特定的液體來幫助清潔,3,4,3
動詞,日常行為,動作,擦眼鏡,太用力可能會導致損壞,5,6,4
動詞,日常行為,動作,擦眼鏡,這個動作通常發生在需要矯正視力的人身上,6,3,5
動詞,日常行為,動作,穿衣服,依不同天氣選擇長袖或短袖,2,3,2
動詞,日常行為,動作,穿衣服,洗完澡後，這個動作能讓身體保暖,3,2,3
動詞,日常行為,動作,穿衣服,遮住身體不裸露,4,5,4
動詞,日常行為,動作,穿衣服,可以做不同的搭配,5,6,6
動詞,日常行為,動作,穿衣服,有時候需要對著鏡子，確保搭配整齊好看,6,4,5
動詞,日常行為,動作,穿衣服,他拿著衣服正在XXX,1,1,1
動詞,日常行為,動作,開門,客人按鈴，主人要幫忙XX,1,2,1
動詞,日常行為,動作,開門,進到屋內需要做的動作,2,3,5
動詞,日常行為,動作,開門,轉動把手，讓進出口變暢通的動作,5,5,6
動詞,日常行為,動作,開門,進到超市、餐廳、便利商店是用感應的,6,6,4
動詞,日常行為,動作,開門,進到超商會有叮咚的聲音,4,4,3
動詞,日常行為,動作,開門,有人來了我要去XX,3,1,2
動詞,日常行為,動作,打噴嚏,身體對灰塵或過敏原的自然反應,1,3,4
動詞,日常行為,動作,打噴嚏,發出「哈嚏」的聲音,2,1,2
動詞,日常行為,動作,打噴嚏,需要用紙巾或手肘遮住口鼻,3,5,3
動詞,日常行為,動作,打噴嚏,可能會讓旁邊的人嚇一跳,4,4,6
動詞,日常行為,動作,打噴嚏,生病時會更頻繁發生,5,5,5
動詞,日常行為,動作,打噴嚏,鼻子癢癢的快要XXX,6,2,1
動詞,日常行為,動作,寫字,使用筆或鉛筆在紙上留下記錄,1,3,1
動詞,日常行為,動作,寫字,學生上課時經常做的事情,6,5,5
動詞,日常行為,動作,寫字,需要控制手部力量，字才不會太輕或太重,5,6,4
動詞,日常行為,動作,寫字,可能會用到橡皮擦來修正錯誤,4,2,3
動詞,日常行為,動作,寫字,有些人寫得工整，有些人寫得潦草,2,4,2
動詞,日常行為,動作,寫字,學生比起成年人更常在XX,3,1,6
動詞,日常行為,動作,穿鞋子,外出前會做的動作,1,6,5
動詞,日常行為,動作,穿鞋子,可能需要綁鞋帶或調整魔鬼氈,4,3,1
動詞,日常行為,動作,穿鞋子,有些鞋子需要用鞋拔子才好穿,7,2,2
動詞,日常行為,動作,穿鞋子,如果穿錯腳，會覺得不舒服,6,4,4
動詞,日常行為,動作,穿鞋子,長時間沒XXX，鞋子可能會有異味,2,1,6
動詞,日常行為,動作,穿鞋子,打赤腳的相反,5,5,3
動詞,日常行為,動作,剪指甲,為了保持手部和腳部的整潔,1,5,5
動詞,日常行為,動作,剪指甲,需要使用專門的小工具,2,6,6
動詞,日常行為,動作,剪指甲,如果剪得太短，可能會感到疼痛,5,4,2
動詞,日常行為,動作,剪指甲,剪完後需要清理指甲碎片,4,2,3
動詞,日常行為,動作,剪指甲,有些人會將指甲磨平,6,3,4
動詞,日常行為,動作,剪指甲,指甲太長了要XXX,3,1,1
動詞,日常行為,動作,削水果,吃水果的處理動作之一,3,3,5
動詞,日常行為,動作,削水果,去除外皮的步驟，最常使用在蘋果上,4,2,3
動詞,日常行為,動作,削水果,使用刨刀一刀一刀的去除果皮,5,1,1
動詞,日常行為,動作,削水果,飯後吃水果的時候就要去XXX,6,4,2
動詞,日常行為,動作,削水果,切水果的前置動作,1,6,4
動詞,日常行為,動作,削水果,通常使用在蘋果、梨子、棗子等較硬的果皮上,2,5,6
動詞,日常活動,休閒娛樂,下象棋,是一種兩人對弈的策略遊戲，要細心思考,5,5,5
動詞,日常活動,休閒娛樂,下象棋,棋盤上有 32 顆棋子，分為紅、黑兩方,4,3,3
動詞,日常活動,休閒娛樂,下象棋,需要理解不同棋子的移動規則才能下得好,6,6,4
動詞,日常活動,休閒娛樂,下象棋,有將軍、兵、卒、砲等棋,1,2,2
動詞,日常活動,休閒娛樂,下象棋,老人喜歡在公園XXX,2,1,1
動詞,日常活動,休閒娛樂,下象棋,透過比賽或交流，能增進朋友間的互動與樂趣,3,4,6
動詞,日常活動,休閒娛樂,登山,是一種休閒、耗體力的運動,1,4,4
動詞,日常活動,休閒娛樂,登山,XX可以接近大自然,2,3,2
動詞,日常活動,休閒娛樂,登山,有可能會碰到熊，要有防熊噴霧,5,5,6
動詞,日常活動,休閒娛樂,登山,爬聖母峰、玉山,6,1,1
動詞,日常活動,休閒娛樂,登山,XX能鍛鍊耐力、提升心肺功能，還能讓心情愉悅,4,2,3
動詞,日常活動,休閒娛樂,登山,需要注意天氣，特別是下午容易下雨,3,6,5
動詞,日常活動,休閒娛樂,散步,一種輕鬆、休閒的戶外活動,1,6,2
動詞,日常活動,休閒娛樂,散步,可以在公園、社區、小徑或河邊進行,2,2,4
動詞,日常活動,休閒娛樂,散步,有些人會帶著耳機聽音樂或一起和朋友聊天,6,3,3
動詞,日常活動,休閒娛樂,散步,適合時間有早晨、傍晚或休閒時間,3,4,5
動詞,日常活動,休閒娛樂,散步,天氣涼爽時會更舒服，避免烈日或下雨天,5,5,6
動詞,日常活動,休閒娛樂,散步,我們一起去公園XX,4,1,1
動詞,日常活動,休閒娛樂,跳舞,隨著音樂擺動,2,4,4
動詞,日常活動,休閒娛樂,跳舞,有芭蕾、探戈、拉丁等風格,3,2,3
動詞,日常活動,休閒娛樂,跳舞,用肢體表達情感,6,3,5
動詞,日常活動,休閒娛樂,跳舞,在節慶、慶典等活動中，經常XX,4,6,2
動詞,日常活動,休閒娛樂,跳舞,與拍手、踩腳或轉圈的動作結合,5,5,6
動詞,日常活動,休閒娛樂,跳舞,他邊唱歌邊ＸＸ,1,1,1
動詞,日常活動,休閒娛樂,唱歌,用聲音表達旋律和歌詞,6,5,5
動詞,日常活動,休閒娛樂,唱歌,拿著麥克風XX,1,1,4
動詞,日常活動,休閒娛樂,唱歌,有時會搭配樂器，如吉他、鋼琴或卡拉OK伴奏,5,6,6
動詞,日常活動,休閒娛樂,唱歌,去KTV XX,2,2,1
動詞,日常活動,休閒娛樂,唱歌,他用卡拉ok在XX,4,3,2
動詞,日常活動,休閒娛樂,唱歌,電視上歌星在XX,3,4,3
動詞,日常活動,休閒娛樂,看電視,日常的娛樂活動,2,6,6
動詞,日常活動,休閒娛樂,看電視,可以觀看新聞、八點檔、國家地理頻道或購物平台,5,4,3
動詞,日常活動,休閒娛樂,看電視,用遙控器來切換頻道或調整音量,6,5,4
動詞,日常活動,休閒娛樂,看電視,坐在沙發XＸＸ,1,1,1
動詞,日常活動,休閒娛樂,看電視,可以看第四台,3,3,5
動詞,日常活動,休閒娛樂,看電視,阿嬤吃完飯要XXX,4,2,2
動詞,日常活動,休閒娛樂,看書,眼睛會專注地看文字或圖像,4,4,3
動詞,日常活動,休閒娛樂,看書,長時間會感到眼睛疲勞,5,5,5
動詞,日常活動,休閒娛樂,看書,可以獲取知識或娛樂身心,3,3,6
動詞,日常活動,休閒娛樂,看書,會用手翻頁或摺角作為書籤,6,6,4
動詞,日常活動,休閒娛樂,看書,我在圖書館XX,2,2,2
動詞,日常活動,休閒娛樂,看書,他拿著書正在XX,1,1,1
動詞,日常活動,休閒娛樂,購物,花錢買生活用品,1,5,3
動詞,日常活動,休閒娛樂,購物,在超市、百貨公司或網路上進行,5,4,6
動詞,日常活動,休閒娛樂,購物,可以刷卡或付現,2,3,4
動詞,日常活動,休閒娛樂,購物,節日會推出促銷活動吸引客人,6,6,5
動詞,日常活動,休閒娛樂,購物,XX要理性消費,4,2,2
動詞,日常活動,休閒娛樂,購物,他去逛街XX,3,1,1
動詞,日常活動,休閒娛樂,泡茶,選擇合適的茶具與水質,3,6,5
動詞,日常活動,休閒娛樂,泡茶,我用茶壺來ＸＸ,1,1,1
動詞,日常活動,休閒娛樂,泡茶,適合一邊聊天一邊XX，聊累了能直接解渴,2,5,6
動詞,日常活動,休閒娛樂,泡茶,XX講究水溫、茶葉與沖泡時間,6,3,4
動詞,日常活動,休閒娛樂,泡茶,會選烏龍、金萱等XX,5,2,2
動詞,日常活動,休閒娛樂,泡茶,接待客人時也會XX,4,4,3
動詞,日常活動,休閒娛樂,打拳,清晨的廣場上，阿公阿嬤們開始XX舒展筋骨,1,2,1
動詞,日常活動,休閒娛樂,打拳,XX能提升身體平衡感,5,5,5
動詞,日常活動,休閒娛樂,打拳,有太極、八段錦、氣功等,2,1,2
動詞,日常活動,休閒娛樂,打拳,XX也是一種社交樂趣,3,6,6
動詞,日常活動,休閒娛樂,打拳,XX時要注意呼吸與姿勢，讓身體更放鬆與協調,6,4,3
動詞,日常活動,休閒娛樂,打拳,XX能強身健體，讓身體更靈活,4,3,4